ExtraTime,RowID
Yes,40304
Yes,40305
No,40306
No,40307
No,40308
No,40309
No,40310
No,40311
No,40312
No,40313
No,40314
Yes,40315
Yes,40316
No,40317
Yes,40318
No,40319
No,40320
No,40321
No,40322
No,40323
Yes,40324
No,40325
No,40326
Yes,40327
No,40328
No,40329
No,40330
Yes,40331
No,40332
Yes,40333
No,40334
No,40335
No,40336
No,40337
No,40338
No,40339
Yes,40340
No,40341
No,40342
No,40343
No,40344
No,40345
No,40346
No,40347
No,40348
Yes,40349
No,40350
Yes,40351
Yes,40352
No,40353
No,40354
No,40355
No,40356
No,40357
No,40358
No,40359
No,40360
No,40361
No,40362
Yes,40363
Yes,40364
No,40365
No,40366
No,40367
Yes,40368
No,40369
Yes,40370
No,40371
No,40372
No,40373
Yes,40374
Yes,40375
Yes,40376
Yes,40377
Yes,40378
Yes,40379
Yes,40380
No,40381
No,40382
Yes,40383
Yes,40384
No,40385
Yes,40386
Yes,40387
Yes,40388
Yes,40389
No,40390
Yes,40391
Yes,40392
No,40393
Yes,40394
Yes,40395
No,40396
Yes,40397
Yes,40398
No,40399
Yes,40400
Yes,40401
No,40402
Yes,40403
Yes,40404
No,40405
No,40406
Yes,40407
Yes,40408
Yes,40409
Yes,40410
Yes,40411
No,40412
Yes,40413
Yes,40414
No,40415
Yes,40416
Yes,40417
No,40418
Yes,40419
Yes,40420
Yes,40421
Yes,40422
Yes,40423
Yes,40424
No,40425
Yes,40426
Yes,40427
No,40428
Yes,40429
Yes,40430
No,40431
No,40432
Yes,40433
Yes,40434
Yes,40435
No,40436
No,40437
Yes,40438
Yes,40439
Yes,40440
Yes,40441
Yes,40442
No,40443
Yes,40444
No,40445
No,40446
No,40447
Yes,40448
Yes,40449
Yes,40450
Yes,40451
Yes,40452
No,40453
No,40454
Yes,40455
Yes,40456
Yes,40457
Yes,40458
Yes,40459
Yes,40460
Yes,40461
No,40462
No,40463
No,40464
Yes,40465
Yes,40466
Yes,40467
Yes,40468
No,40469
Yes,40470
No,40471
Yes,40472
Yes,40473
Yes,40474
Yes,40475
Yes,40476
No,40477
No,40478
Yes,40479
Yes,40480
Yes,40481
Yes,40482
Yes,40483
Yes,40484
No,40485
No,40486
No,40487
Yes,40488
Yes,40489
Yes,40490
No,40491
Yes,40492
Yes,40493
No,40494
Yes,40495
No,40496
No,40497
No,40498
Yes,40499
Yes,40500
Yes,40501
Yes,40502
No,40503
Yes,40504
No,40505
No,40506
No,40507
No,40508
No,40509
Yes,40510
Yes,40511
Yes,40512
No,40513
Yes,40514
Yes,40515
Yes,40516
Yes,40517
Yes,40518
Yes,40519
No,40520
Yes,40521
Yes,40522
Yes,40523
Yes,40524
No,40525
Yes,40526
Yes,40527
Yes,40528
Yes,40529
Yes,40530
Yes,40531
Yes,40532
Yes,40533
Yes,40534
Yes,40535
Yes,40536
Yes,40537
Yes,40538
Yes,40539
Yes,40540
Yes,40541
Yes,40542
Yes,40543
Yes,40544
Yes,40545
Yes,40546
Yes,40547
Yes,40548
Yes,40549
No,40550
Yes,40551
Yes,40552
Yes,40553
Yes,40554
Yes,40555
Yes,40556
Yes,40557
Yes,40558
Yes,40559
Yes,40560
Yes,40561
Yes,40562
Yes,40563
Yes,40564
Yes,40565
Yes,40566
Yes,40567
Yes,40568
Yes,40569
Yes,40570
Yes,40571
Yes,40572
No,40573
Yes,40574
Yes,40575
Yes,40576
Yes,40577
Yes,40578
No,40579
Yes,40580
Yes,40581
Yes,40582
Yes,40583
No,40584
Yes,40585
No,40586
No,40587
No,40588
Yes,40589
Yes,40590
No,40591
No,40592
Yes,40593
Yes,40594
Yes,40595
Yes,40596
No,40597
Yes,40598
No,40599
No,40600
Yes,40601
No,40602
Yes,40603
No,40604
No,40605
No,40606
No,40607
Yes,40608
Yes,40609
Yes,40610
No,40611
No,40612
Yes,40613
Yes,40614
No,40615
Yes,40616
Yes,40617
No,40618
No,40619
Yes,40620
Yes,40621
Yes,40622
No,40623
Yes,40624
Yes,40625
Yes,40626
Yes,40627
No,40628
Yes,40629
Yes,40630
Yes,40631
No,40632
Yes,40633
No,40634
No,40635
Yes,40636
Yes,40637
Yes,40638
Yes,40639
Yes,40640
Yes,40641
Yes,40642
No,40643
Yes,40644
No,40645
No,40646
No,40647
Yes,40648
No,40649
No,40650
No,40651
Yes,40652
Yes,40653
Yes,40654
Yes,40655
Yes,40656
Yes,40657
Yes,40658
Yes,40659
Yes,40660
Yes,40661
Yes,40662
Yes,40663
Yes,40664
No,40665
No,40666
Yes,40667
Yes,40668
Yes,40669
Yes,40670
Yes,40671
Yes,40672
Yes,40673
Yes,40674
Yes,40675
Yes,40676
Yes,40677
Yes,40678
Yes,40679
Yes,40680
Yes,40681
Yes,40682
No,40683
Yes,40684
Yes,40685
Yes,40686
No,40687
Yes,40688
No,40689
No,40690
Yes,40691
Yes,40692
Yes,40693
Yes,40694
Yes,40695
Yes,40696
No,40697
Yes,40698
No,40699
No,40700
Yes,40701
No,40702
No,40703
Yes,40704
Yes,40705
Yes,40706
Yes,40707
Yes,40708
Yes,40709
Yes,40710
Yes,40711
No,40712
No,40713
Yes,40714
No,40715
No,40716
Yes,40717
Yes,40718
Yes,40719
Yes,40720
Yes,40721
Yes,40722
Yes,40723
Yes,40724
Yes,40725
Yes,40726
Yes,40727
No,40728
No,40729
Yes,40730
No,40731
No,40732
No,40733
No,40734
No,40735
No,40736
Yes,40737
Yes,40738
Yes,40739
Yes,40740
No,40741
Yes,40742
Yes,40743
Yes,40744
No,40745
No,40746
Yes,40747
Yes,40748
Yes,40749
Yes,40750
No,40751
Yes,40752
Yes,40753
Yes,40754
Yes,40755
No,40756
Yes,40757
No,40758
No,40759
No,40760
Yes,40761
Yes,40762
No,40763
Yes,40764
Yes,40765
Yes,40766
Yes,40767
Yes,40768
No,40769
Yes,40770
Yes,40771
No,40772
No,40773
No,40774
Yes,40775
Yes,40776
Yes,40777
Yes,40778
Yes,40779
Yes,40780
Yes,40781
Yes,40782
Yes,40783
Yes,40784
Yes,40785
Yes,40786
Yes,40787
Yes,40788
Yes,40789
Yes,40790
Yes,40791
Yes,40792
No,40793
Yes,40794
Yes,40795
Yes,40796
No,40797
Yes,40798
Yes,40799
Yes,40800
Yes,40801
Yes,40802
Yes,40803
Yes,40804
Yes,40805
Yes,40806
Yes,40807
No,40808
Yes,40809
Yes,40810
Yes,40811
Yes,40812
Yes,40813
Yes,40814
Yes,40815
Yes,40816
Yes,40817
Yes,40818
No,40819
No,40820
No,40821
Yes,40822
No,40823
Yes,40824
Yes,40825
Yes,40826
Yes,40827
No,40828
No,40829
Yes,40830
Yes,40831
Yes,40832
Yes,40833
Yes,40834
Yes,40835
Yes,40836
Yes,40837
Yes,40838
Yes,40839
Yes,40840
Yes,40841
Yes,40842
Yes,40843
Yes,40844
Yes,40845
No,40846
No,40847
No,40848
Yes,40849
Yes,40850
Yes,40851
Yes,40852
Yes,40853
No,40854
Yes,40855
Yes,40856
Yes,40857
Yes,40858
Yes,40859
Yes,40860
Yes,40861
Yes,40862
No,40863
Yes,40864
No,40865
No,40866
Yes,40867
No,40868
No,40869
No,40870
No,40871
No,40872
No,40873
Yes,40874
Yes,40875
No,40876
No,40877
No,40878
No,40879
Yes,40880
No,40881
Yes,40882
Yes,40883
Yes,40884
No,40885
Yes,40886
Yes,40887
Yes,40888
Yes,40889
Yes,40890
Yes,40891
No,40892
Yes,40893
Yes,40894
Yes,40895
Yes,40896
Yes,40897
Yes,40898
Yes,40899
Yes,40900
Yes,40901
Yes,40902
Yes,40903
No,40904
Yes,40905
No,40906
Yes,40907
No,40908
No,40909
No,40910
No,40911
Yes,40912
Yes,40913
Yes,40914
Yes,40915
Yes,40916
Yes,40917
Yes,40918
Yes,40919
Yes,40920
Yes,40921
Yes,40922
Yes,40923
Yes,40924
Yes,40925
No,40926
No,40927
Yes,40928
Yes,40929
Yes,40930
No,40931
Yes,40932
No,40933
Yes,40934
Yes,40935
Yes,40936
Yes,40937
Yes,40938
No,40939
Yes,40940
Yes,40941
Yes,40942
No,40943
No,40944
Yes,40945
Yes,40946
Yes,40947
No,40948
No,40949
No,40950
Yes,40951
Yes,40952
Yes,40953
Yes,40954
Yes,40955
Yes,40956
Yes,40957
No,40958
No,40959
Yes,40960
Yes,40961
Yes,40962
Yes,40963
Yes,40964
Yes,40965
Yes,40966
Yes,40967
Yes,40968
Yes,40969
Yes,40970
Yes,40971
Yes,40972
No,40973
Yes,40974
Yes,40975
No,40976
Yes,40977
Yes,40978
Yes,40979
Yes,40980
Yes,40981
Yes,40982
Yes,40983
Yes,40984
Yes,40985
Yes,40986
Yes,40987
Yes,40988
Yes,40989
Yes,40990
No,40991
Yes,40992
No,40993
Yes,40994
Yes,40995
No,40996
Yes,40997
Yes,40998
No,40999
Yes,41000
No,41001
Yes,41002
No,41003
Yes,41004
Yes,41005
Yes,41006
Yes,41007
No,41008
No,41009
No,41010
Yes,41011
No,41012
No,41013
No,41014
Yes,41015
Yes,41016
Yes,41017
Yes,41018
Yes,41019
Yes,41020
Yes,41021
Yes,41022
Yes,41023
Yes,41024
Yes,41025
No,41026
Yes,41027
Yes,41028
Yes,41029
Yes,41030
Yes,41031
Yes,41032
Yes,41033
Yes,41034
No,41035
No,41036
Yes,41037
Yes,41038
Yes,41039
Yes,41040
Yes,41041
Yes,41042
Yes,41043
Yes,41044
Yes,41045
Yes,41046
Yes,41047
No,41048
No,41049
No,41050
Yes,41051
Yes,41052
Yes,41053
Yes,41054
Yes,41055
Yes,41056
Yes,41057
Yes,41058
Yes,41059
Yes,41060
Yes,41061
Yes,41062
Yes,41063
Yes,41064
No,41065
No,41066
Yes,41067
No,41068
No,41069
Yes,41070
Yes,41071
Yes,41072
Yes,41073
Yes,41074
Yes,41075
Yes,41076
No,41077
Yes,41078
Yes,41079
Yes,41080
Yes,41081
Yes,41082
No,41083
Yes,41084
No,41085
Yes,41086
Yes,41087
No,41088
Yes,41089
Yes,41090
No,41091
Yes,41092
No,41093
No,41094
Yes,41095
Yes,41096
Yes,41097
Yes,41098
Yes,41099
Yes,41100
Yes,41101
Yes,41102
No,41103
No,41104
Yes,41105
Yes,41106
Yes,41107
Yes,41108
Yes,41109
Yes,41110
Yes,41111
Yes,41112
No,41113
No,41114
No,41115
No,41116
No,41117
Yes,41118
No,41119
Yes,41120
Yes,41121
Yes,41122
Yes,41123
No,41124
No,41125
No,41126
Yes,41127
No,41128
Yes,41129
Yes,41130
Yes,41131
Yes,41132
Yes,41133
Yes,41134
No,41135
No,41136
Yes,41137
Yes,41138
No,41139
Yes,41140
Yes,41141
Yes,41142
Yes,41143
Yes,41144
Yes,41145
Yes,41146
Yes,41147
Yes,41148
Yes,41149
Yes,41150
Yes,41151
No,41152
Yes,41153
Yes,41154
No,41155
No,41156
No,41157
Yes,41158
Yes,41159
Yes,41160
No,41161
No,41162
Yes,41163
Yes,41164
No,41165
No,41166
Yes,41167
Yes,41168
Yes,41169
Yes,41170
Yes,41171
Yes,41172
Yes,41173
Yes,41174
Yes,41175
Yes,41176
Yes,41177
Yes,41178
Yes,41179
Yes,41180
Yes,41181
Yes,41182
Yes,41183
Yes,41184
Yes,41185
Yes,41186
Yes,41187
Yes,41188
No,41189
No,41190
No,41191
Yes,41192
No,41193
Yes,41194
Yes,41195
Yes,41196
Yes,41197
Yes,41198
Yes,41199
No,41200
No,41201
No,41202
Yes,41203
No,41204
Yes,41205
Yes,41206
Yes,41207
Yes,41208
Yes,41209
Yes,41210
Yes,41211
Yes,41212
Yes,41213
Yes,41214
Yes,41215
Yes,41216
Yes,41217
Yes,41218
Yes,41219
Yes,41220
Yes,41221
No,41222
No,41223
Yes,41224
Yes,41225
No,41226
No,41227
Yes,41228
Yes,41229
No,41230
No,41231
No,41232
No,41233
No,41234
No,41235
Yes,41236
No,41237
Yes,41238
Yes,41239
Yes,41240
Yes,41241
Yes,41242
Yes,41243
Yes,41244
No,41245
Yes,41246
Yes,41247
Yes,41248
No,41249
No,41250
Yes,41251
Yes,41252
Yes,41253
Yes,41254
Yes,41255
Yes,41256
Yes,41257
Yes,41258
No,41259
Yes,41260
No,41261
No,41262
No,41263
No,41264
No,41265
Yes,41266
Yes,41267
No,41268
No,41269
No,41270
Yes,41271
Yes,41272
Yes,41273
Yes,41274
Yes,41275
Yes,41276
No,41277
No,41278
Yes,41279
Yes,41280
Yes,41281
Yes,41282
Yes,41283
No,41284
No,41285
Yes,41286
Yes,41287
Yes,41288
Yes,41289
Yes,41290
Yes,41291
No,41292
No,41293
No,41294
No,41295
No,41296
Yes,41297
Yes,41298
Yes,41299
Yes,41300
Yes,41301
Yes,41302
Yes,41303
Yes,41304
No,41305
Yes,41306
Yes,41307
Yes,41308
Yes,41309
Yes,41310
No,41311
Yes,41312
No,41313
No,41314
No,41315
Yes,41316
Yes,41317
Yes,41318
Yes,41319
No,41320
No,41321
No,41322
No,41323
No,41324
No,41325
Yes,41326
Yes,41327
Yes,41328
No,41329
No,41330
Yes,41331
Yes,41332
Yes,41333
Yes,41334
No,41335
Yes,41336
Yes,41337
Yes,41338
Yes,41339
Yes,41340
Yes,41341
Yes,41342
Yes,41343
Yes,41344
Yes,41345
Yes,41346
No,41347
No,41348
No,41349
Yes,41350
Yes,41351
Yes,41352
Yes,41353
No,41354
No,41355
No,41356
No,41357
No,41358
No,41359
No,41360
No,41361
No,41362
Yes,41363
Yes,41364
Yes,41365
Yes,41366
Yes,41367
Yes,41368
Yes,41369
Yes,41370
Yes,41371
Yes,41372
No,41373
No,41374
No,41375
Yes,41376
Yes,41377
Yes,41378
No,41379
Yes,41380
Yes,41381
Yes,41382
Yes,41383
Yes,41384
Yes,41385
Yes,41386
Yes,41387
Yes,41388
Yes,41389
No,41390
Yes,41391
No,41392
No,41393
No,41394
No,41395
Yes,41396
Yes,41397
Yes,41398
Yes,41399
Yes,41400
No,41401
No,41402
Yes,41403
Yes,41404
Yes,41405
Yes,41406
No,41407
Yes,41408
No,41409
No,41410
No,41411
No,41412
No,41413
No,41414
No,41415
Yes,41416
Yes,41417
Yes,41418
No,41419
Yes,41420
No,41421
No,41422
No,41423
Yes,41424
Yes,41425
Yes,41426
Yes,41427
No,41428
Yes,41429
Yes,41430
No,41431
Yes,41432
No,41433
No,41434
Yes,41435
Yes,41436
Yes,41437
Yes,41438
Yes,41439
Yes,41440
Yes,41441
No,41442
No,41443
No,41444
No,41445
No,41446
No,41447
Yes,41448
Yes,41449
Yes,41450
Yes,41451
Yes,41452
Yes,41453
Yes,41454
No,41455
No,41456
Yes,41457
Yes,41458
Yes,41459
No,41460
No,41461
No,41462
Yes,41463
No,41464
Yes,41465
No,41466
No,41467
Yes,41468
Yes,41469
Yes,41470
No,41471
No,41472
Yes,41473
Yes,41474
Yes,41475
Yes,41476
Yes,41477
Yes,41478
Yes,41479
Yes,41480
Yes,41481
Yes,41482
No,41483
Yes,41484
Yes,41485
No,41486
Yes,41487
Yes,41488
Yes,41489
Yes,41490
Yes,41491
Yes,41492
Yes,41493
No,41494
Yes,41495
Yes,41496
Yes,41497
No,41498
Yes,41499
Yes,41500
Yes,41501
Yes,41502
Yes,41503
No,41504
Yes,41505
No,41506
No,41507
No,41508
No,41509
Yes,41510
Yes,41511
Yes,41512
No,41513
Yes,41514
Yes,41515
Yes,41516
Yes,41517
Yes,41518
Yes,41519
Yes,41520
Yes,41521
Yes,41522
Yes,41523
No,41524
Yes,41525
Yes,41526
No,41527
Yes,41528
Yes,41529
Yes,41530
Yes,41531
Yes,41532
Yes,41533
Yes,41534
No,41535
No,41536
Yes,41537
Yes,41538
Yes,41539
Yes,41540
Yes,41541
No,41542
No,41543
Yes,41544
No,41545
Yes,41546
Yes,41547
Yes,41548
Yes,41549
Yes,41550
Yes,41551
Yes,41552
Yes,41553
Yes,41554
Yes,41555
Yes,41556
No,41557
Yes,41558
Yes,41559
Yes,41560
Yes,41561
Yes,41562
Yes,41563
Yes,41564
No,41565
No,41566
Yes,41567
No,41568
Yes,41569
No,41570
No,41571
Yes,41572
No,41573
Yes,41574
Yes,41575
Yes,41576
Yes,41577
Yes,41578
Yes,41579
Yes,41580
Yes,41581
Yes,41582
Yes,41583
Yes,41584
Yes,41585
Yes,41586
Yes,41587
Yes,41588
Yes,41589
Yes,41590
Yes,41591
No,41592
Yes,41593
Yes,41594
Yes,41595
Yes,41596
Yes,41597
Yes,41598
Yes,41599
No,41600
Yes,41601
Yes,41602
Yes,41603
Yes,41604
Yes,41605
Yes,41606
Yes,41607
Yes,41608
Yes,41609
Yes,41610
Yes,41611
Yes,41612
Yes,41613
Yes,41614
Yes,41615
Yes,41616
Yes,41617
Yes,41618
No,41619
Yes,41620
Yes,41621
Yes,41622
Yes,41623
Yes,41624
Yes,41625
Yes,41626
Yes,41627
No,41628
Yes,41629
No,41630
Yes,41631
Yes,41632
Yes,41633
Yes,41634
No,41635
No,41636
No,41637
Yes,41638
Yes,41639
Yes,41640
Yes,41641
Yes,41642
Yes,41643
No,41644
No,41645
Yes,41646
Yes,41647
Yes,41648
Yes,41649
Yes,41650
Yes,41651
Yes,41652
Yes,41653
Yes,41654
Yes,41655
Yes,41656
Yes,41657
Yes,41658
Yes,41659
Yes,41660
No,41661
No,41662
Yes,41663
Yes,41664
No,41665
Yes,41666
Yes,41667
Yes,41668
Yes,41669
Yes,41670
Yes,41671
Yes,41672
Yes,41673
Yes,41674
Yes,41675
No,41676
Yes,41677
Yes,41678
Yes,41679
Yes,41680
Yes,41681
Yes,41682
Yes,41683
No,41684
Yes,41685
Yes,41686
Yes,41687
Yes,41688
Yes,41689
Yes,41690
Yes,41691
Yes,41692
Yes,41693
Yes,41694
Yes,41695
Yes,41696
Yes,41697
Yes,41698
Yes,41699
Yes,41700
Yes,41701
Yes,41702
Yes,41703
Yes,41704
Yes,41705
Yes,41706
Yes,41707
Yes,41708
Yes,41709
Yes,41710
Yes,41711
Yes,41712
Yes,41713
Yes,41714
Yes,41715
Yes,41716
Yes,41717
Yes,41718
Yes,41719
Yes,41720
Yes,41721
Yes,41722
Yes,41723
Yes,41724
Yes,41725
Yes,41726
Yes,41727
Yes,41728
Yes,41729
Yes,41730
Yes,41731
Yes,41732
Yes,41733
Yes,41734
Yes,41735
Yes,41736
Yes,41737
Yes,41738
Yes,41739
Yes,41740
Yes,41741
Yes,41742
Yes,41743
Yes,41744
Yes,41745
Yes,41746
Yes,41747
Yes,41748
Yes,41749
Yes,41750
Yes,41751
Yes,41752
Yes,41753
No,41754
No,41755
Yes,41756
Yes,41757
Yes,41758
Yes,41759
Yes,41760
Yes,41761
Yes,41762
Yes,41763
Yes,41764
No,41765
Yes,41766
Yes,41767
Yes,41768
Yes,41769
Yes,41770
Yes,41771
Yes,41772
Yes,41773
Yes,41774
Yes,41775
Yes,41776
Yes,41777
Yes,41778
Yes,41779
Yes,41780
Yes,41781
Yes,41782
Yes,41783
Yes,41784
Yes,41785
Yes,41786
Yes,41787
Yes,41788
Yes,41789
Yes,41790
Yes,41791
Yes,41792
Yes,41793
Yes,41794
Yes,41795
Yes,41796
Yes,41797
Yes,41798
Yes,41799
Yes,41800
Yes,41801
Yes,41802
Yes,41803
Yes,41804
Yes,41805
Yes,41806
Yes,41807
Yes,41808
Yes,41809
Yes,41810
Yes,41811
Yes,41812
Yes,41813
Yes,41814
No,41815
Yes,41816
Yes,41817
Yes,41818
Yes,41819
Yes,41820
Yes,41821
Yes,41822
Yes,41823
Yes,41824
Yes,41825
Yes,41826
Yes,41827
Yes,41828
Yes,41829
Yes,41830
No,41831
No,41832
Yes,41833
Yes,41834
Yes,41835
Yes,41836
Yes,41837
Yes,41838
Yes,41839
Yes,41840
Yes,41841
Yes,41842
Yes,41843
Yes,41844
Yes,41845
Yes,41846
Yes,41847
Yes,41848
Yes,41849
Yes,41850
Yes,41851
Yes,41852
Yes,41853
Yes,41854
Yes,41855
Yes,41856
Yes,41857
Yes,41858
Yes,41859
Yes,41860
Yes,41861
Yes,41862
Yes,41863
Yes,41864
Yes,41865
Yes,41866
Yes,41867
Yes,41868
Yes,41869
Yes,41870
Yes,41871
Yes,41872
Yes,41873
Yes,41874
Yes,41875
Yes,41876
Yes,41877
Yes,41878
Yes,41879
Yes,41880
Yes,41881
Yes,41882
Yes,41883
Yes,41884
Yes,41885
Yes,41886
Yes,41887
Yes,41888
Yes,41889
Yes,41890
Yes,41891
Yes,41892
Yes,41893
Yes,41894
Yes,41895
Yes,41896
Yes,41897
Yes,41898
Yes,41899
Yes,41900
Yes,41901
Yes,41902
Yes,41903
Yes,41904
Yes,41905
Yes,41906
Yes,41907
Yes,41908
Yes,41909
Yes,41910
Yes,41911
Yes,41912
Yes,41913
Yes,41914
Yes,41915
Yes,41916
Yes,41917
Yes,41918
Yes,41919
Yes,41920
Yes,41921
No,41922
Yes,41923
Yes,41924
No,41925
No,41926
No,41927
No,41928
Yes,41929
Yes,41930
Yes,41931
Yes,41932
Yes,41933
Yes,41934
Yes,41935
Yes,41936
Yes,41937
Yes,41938
Yes,41939
Yes,41940
Yes,41941
Yes,41942
No,41943
Yes,41944
Yes,41945
Yes,41946
Yes,41947
Yes,41948
Yes,41949
Yes,41950
Yes,41951
Yes,41952
Yes,41953
Yes,41954
Yes,41955
Yes,41956
Yes,41957
Yes,41958
Yes,41959
Yes,41960
Yes,41961
Yes,41962
Yes,41963
Yes,41964
Yes,41965
Yes,41966
No,41967
Yes,41968
Yes,41969
Yes,41970
Yes,41971
Yes,41972
Yes,41973
No,41974
Yes,41975
Yes,41976
Yes,41977
Yes,41978
Yes,41979
Yes,41980
Yes,41981
Yes,41982
Yes,41983
Yes,41984
Yes,41985
No,41986
Yes,41987
Yes,41988
Yes,41989
Yes,41990
Yes,41991
Yes,41992
Yes,41993
Yes,41994
Yes,41995
Yes,41996
Yes,41997
Yes,41998
Yes,41999
Yes,42000
Yes,42001
Yes,42002
Yes,42003
Yes,42004
Yes,42005
Yes,42006
Yes,42007
Yes,42008
Yes,42009
No,42010
Yes,42011
Yes,42012
Yes,42013
Yes,42014
Yes,42015
Yes,42016
Yes,42017
Yes,42018
Yes,42019
Yes,42020
Yes,42021
Yes,42022
No,42023
Yes,42024
Yes,42025
Yes,42026
Yes,42027
Yes,42028
Yes,42029
Yes,42030
Yes,42031
Yes,42032
Yes,42033
Yes,42034
Yes,42035
Yes,42036
Yes,42037
Yes,42038
Yes,42039
Yes,42040
Yes,42041
Yes,42042
Yes,42043
Yes,42044
No,42045
Yes,42046
Yes,42047
Yes,42048
Yes,42049
Yes,42050
Yes,42051
Yes,42052
Yes,42053
Yes,42054
Yes,42055
Yes,42056
Yes,42057
Yes,42058
Yes,42059
Yes,42060
Yes,42061
Yes,42062
Yes,42063
Yes,42064
Yes,42065
Yes,42066
Yes,42067
Yes,42068
Yes,42069
Yes,42070
Yes,42071
Yes,42072
Yes,42073
No,42074
No,42075
Yes,42076
Yes,42077
Yes,42078
Yes,42079
Yes,42080
Yes,42081
Yes,42082
Yes,42083
Yes,42084
Yes,42085
Yes,42086
Yes,42087
Yes,42088
Yes,42089
Yes,42090
Yes,42091
No,42092
Yes,42093
Yes,42094
Yes,42095
Yes,42096
Yes,42097
Yes,42098
Yes,42099
Yes,42100
Yes,42101
No,42102
Yes,42103
Yes,42104
Yes,42105
Yes,42106
Yes,42107
Yes,42108
Yes,42109
Yes,42110
Yes,42111
Yes,42112
Yes,42113
Yes,42114
Yes,42115
Yes,42116
Yes,42117
Yes,42118
Yes,42119
Yes,42120
Yes,42121
Yes,42122
Yes,42123
Yes,42124
Yes,42125
Yes,42126
Yes,42127
Yes,42128
No,42129
No,42130
No,42131
Yes,42132
Yes,42133
No,42134
Yes,42135
Yes,42136
No,42137
No,42138
No,42139
No,42140
Yes,42141
Yes,42142
Yes,42143
Yes,42144
Yes,42145
Yes,42146
Yes,42147
Yes,42148
Yes,42149
Yes,42150
Yes,42151
Yes,42152
Yes,42153
Yes,42154
Yes,42155
Yes,42156
Yes,42157
Yes,42158
Yes,42159
Yes,42160
Yes,42161
Yes,42162
Yes,42163
No,42164
No,42165
No,42166
Yes,42167
No,42168
Yes,42169
No,42170
Yes,42171
No,42172
Yes,42173
Yes,42174
Yes,42175
Yes,42176
Yes,42177
Yes,42178
Yes,42179
Yes,42180
Yes,42181
Yes,42182
No,42183
Yes,42184
Yes,42185
Yes,42186
Yes,42187
Yes,42188
Yes,42189
Yes,42190
Yes,42191
Yes,42192
Yes,42193
Yes,42194
Yes,42195
Yes,42196
Yes,42197
Yes,42198
Yes,42199
Yes,42200
Yes,42201
Yes,42202
Yes,42203
Yes,42204
Yes,42205
Yes,42206
Yes,42207
Yes,42208
Yes,42209
Yes,42210
Yes,42211
Yes,42212
Yes,42213
Yes,42214
Yes,42215
Yes,42216
Yes,42217
Yes,42218
Yes,42219
Yes,42220
Yes,42221
Yes,42222
Yes,42223
Yes,42224
Yes,42225
Yes,42226
Yes,42227
Yes,42228
Yes,42229
Yes,42230
Yes,42231
Yes,42232
Yes,42233
Yes,42234
Yes,42235
Yes,42236
Yes,42237
No,42238
No,42239
Yes,42240
Yes,42241
No,42242
Yes,42243
No,42244
No,42245
Yes,42246
Yes,42247
Yes,42248
Yes,42249
Yes,42250
Yes,42251
Yes,42252
Yes,42253
Yes,42254
Yes,42255
Yes,42256
Yes,42257
Yes,42258
Yes,42259
Yes,42260
Yes,42261
Yes,42262
Yes,42263
Yes,42264
Yes,42265
Yes,42266
Yes,42267
Yes,42268
Yes,42269
Yes,42270
Yes,42271
Yes,42272
Yes,42273
Yes,42274
Yes,42275
Yes,42276
Yes,42277
Yes,42278
Yes,42279
Yes,42280
Yes,42281
Yes,42282
Yes,42283
Yes,42284
Yes,42285
Yes,42286
Yes,42287
Yes,42288
Yes,42289
Yes,42290
Yes,42291
Yes,42292
Yes,42293
Yes,42294
Yes,42295
Yes,42296
Yes,42297
Yes,42298
Yes,42299
Yes,42300
Yes,42301
Yes,42302
Yes,42303
No,42304
No,42305
Yes,42306
Yes,42307
Yes,42308
Yes,42309
No,42310
Yes,42311
Yes,42312
Yes,42313
Yes,42314
No,42315
No,42316
Yes,42317
Yes,42318
Yes,42319
Yes,42320
Yes,42321
Yes,42322
Yes,42323
Yes,42324
Yes,42325
No,42326
Yes,42327
Yes,42328
Yes,42329
Yes,42330
Yes,42331
Yes,42332
Yes,42333
Yes,42334
Yes,42335
Yes,42336
Yes,42337
Yes,42338
Yes,42339
Yes,42340
Yes,42341
Yes,42342
Yes,42343
Yes,42344
Yes,42345
Yes,42346
Yes,42347
Yes,42348
Yes,42349
Yes,42350
Yes,42351
No,42352
No,42353
Yes,42354
Yes,42355
Yes,42356
Yes,42357
Yes,42358
Yes,42359
Yes,42360
Yes,42361
Yes,42362
Yes,42363
Yes,42364
Yes,42365
Yes,42366
Yes,42367
Yes,42368
Yes,42369
Yes,42370
Yes,42371
Yes,42372
Yes,42373
Yes,42374
Yes,42375
Yes,42376
Yes,42377
Yes,42378
Yes,42379
Yes,42380
No,42381
Yes,42382
Yes,42383
No,42384
Yes,42385
Yes,42386
Yes,42387
No,42388
No,42389
No,42390
No,42391
Yes,42392
Yes,42393
No,42394
Yes,42395
Yes,42396
Yes,42397
No,42398
No,42399
No,42400
No,42401
No,42402
Yes,42403
Yes,42404
Yes,42405
Yes,42406
Yes,42407
Yes,42408
Yes,42409
Yes,42410
Yes,42411
Yes,42412
Yes,42413
Yes,42414
Yes,42415
Yes,42416
Yes,42417
Yes,42418
Yes,42419
Yes,42420
Yes,42421
Yes,42422
Yes,42423
Yes,42424
No,42425
Yes,42426
Yes,42427
Yes,42428
Yes,42429
Yes,42430
Yes,42431
Yes,42432
Yes,42433
Yes,42434
Yes,42435
Yes,42436
Yes,42437
Yes,42438
Yes,42439
Yes,42440
No,42441
No,42442
Yes,42443
No,42444
Yes,42445
Yes,42446
Yes,42447
Yes,42448
Yes,42449
Yes,42450
Yes,42451
Yes,42452
Yes,42453
Yes,42454
Yes,42455
Yes,42456
Yes,42457
Yes,42458
Yes,42459
Yes,42460
Yes,42461
Yes,42462
Yes,42463
Yes,42464
Yes,42465
Yes,42466
Yes,42467
Yes,42468
No,42469
Yes,42470
Yes,42471
Yes,42472
Yes,42473
No,42474
No,42475
Yes,42476
Yes,42477
No,42478
Yes,42479
Yes,42480
Yes,42481
Yes,42482
Yes,42483
Yes,42484
Yes,42485
Yes,42486
Yes,42487
Yes,42488
Yes,42489
Yes,42490
Yes,42491
Yes,42492
Yes,42493
Yes,42494
Yes,42495
Yes,42496
Yes,42497
Yes,42498
Yes,42499
Yes,42500
Yes,42501
Yes,42502
Yes,42503
Yes,42504
Yes,42505
Yes,42506
Yes,42507
Yes,42508
Yes,42509
Yes,42510
No,42511
No,42512
No,42513
Yes,42514
No,42515
Yes,42516
No,42517
Yes,42518
Yes,42519
Yes,42520
Yes,42521
Yes,42522
Yes,42523
Yes,42524
Yes,42525
Yes,42526
Yes,42527
Yes,42528
Yes,42529
Yes,42530
Yes,42531
Yes,42532
Yes,42533
Yes,42534
Yes,42535
Yes,42536
Yes,42537
Yes,42538
Yes,42539
Yes,42540
Yes,42541
Yes,42542
Yes,42543
Yes,42544
Yes,42545
Yes,42546
Yes,42547
Yes,42548
Yes,42549
Yes,42550
Yes,42551
Yes,42552
Yes,42553
Yes,42554
Yes,42555
Yes,42556
Yes,42557
Yes,42558
Yes,42559
Yes,42560
Yes,42561
Yes,42562
Yes,42563
Yes,42564
Yes,42565
No,42566
Yes,42567
Yes,42568
Yes,42569
No,42570
No,42571
No,42572
Yes,42573
Yes,42574
Yes,42575
Yes,42576
Yes,42577
Yes,42578
Yes,42579
Yes,42580
Yes,42581
Yes,42582
No,42583
Yes,42584
Yes,42585
No,42586
Yes,42587
Yes,42588
Yes,42589
Yes,42590
Yes,42591
Yes,42592
Yes,42593
Yes,42594
Yes,42595
Yes,42596
Yes,42597
Yes,42598
Yes,42599
Yes,42600
Yes,42601
Yes,42602
Yes,42603
Yes,42604
Yes,42605
Yes,42606
Yes,42607
Yes,42608
Yes,42609
Yes,42610
Yes,42611
Yes,42612
Yes,42613
Yes,42614
Yes,42615
Yes,42616
Yes,42617
Yes,42618
Yes,42619
Yes,42620
Yes,42621
Yes,42622
Yes,42623
Yes,42624
Yes,42625
Yes,42626
Yes,42627
Yes,42628
Yes,42629
Yes,42630
Yes,42631
Yes,42632
Yes,42633
No,42634
Yes,42635
No,42636
Yes,42637
Yes,42638
Yes,42639
No,42640
Yes,42641
Yes,42642
Yes,42643
Yes,42644
Yes,42645
Yes,42646
Yes,42647
Yes,42648
Yes,42649
Yes,42650
Yes,42651
Yes,42652
Yes,42653
Yes,42654
Yes,42655
Yes,42656
No,42657
No,42658
No,42659
Yes,42660
Yes,42661
No,42662
Yes,42663
Yes,42664
Yes,42665
Yes,42666
Yes,42667
Yes,42668
Yes,42669
Yes,42670
Yes,42671
Yes,42672
Yes,42673
Yes,42674
Yes,42675
Yes,42676
Yes,42677
Yes,42678
Yes,42679
Yes,42680
Yes,42681
Yes,42682
Yes,42683
Yes,42684
Yes,42685
Yes,42686
Yes,42687
Yes,42688
Yes,42689
No,42690
Yes,42691
Yes,42692
Yes,42693
Yes,42694
Yes,42695
Yes,42696
Yes,42697
No,42698
Yes,42699
No,42700
Yes,42701
Yes,42702
Yes,42703
Yes,42704
No,42705
Yes,42706
Yes,42707
Yes,42708
Yes,42709
Yes,42710
Yes,42711
Yes,42712
Yes,42713
Yes,42714
Yes,42715
Yes,42716
Yes,42717
Yes,42718
Yes,42719
Yes,42720
Yes,42721
Yes,42722
Yes,42723
Yes,42724
Yes,42725
Yes,42726
Yes,42727
Yes,42728
Yes,42729
Yes,42730
Yes,42731
Yes,42732
Yes,42733
No,42734
Yes,42735
Yes,42736
Yes,42737
Yes,42738
Yes,42739
Yes,42740
Yes,42741
Yes,42742
Yes,42743
Yes,42744
Yes,42745
Yes,42746
Yes,42747
Yes,42748
Yes,42749
Yes,42750
Yes,42751
Yes,42752
Yes,42753
No,42754
Yes,42755
Yes,42756
No,42757
Yes,42758
Yes,42759
Yes,42760
Yes,42761
No,42762
Yes,42763
Yes,42764
Yes,42765
Yes,42766
Yes,42767
Yes,42768
Yes,42769
Yes,42770
Yes,42771
Yes,42772
Yes,42773
Yes,42774
Yes,42775
Yes,42776
Yes,42777
Yes,42778
Yes,42779
Yes,42780
Yes,42781
Yes,42782
Yes,42783
Yes,42784
Yes,42785
Yes,42786
Yes,42787
Yes,42788
Yes,42789
No,42790
Yes,42791
Yes,42792
Yes,42793
Yes,42794
Yes,42795
Yes,42796
Yes,42797
Yes,42798
Yes,42799
Yes,42800
Yes,42801
Yes,42802
Yes,42803
Yes,42804
Yes,42805
Yes,42806
Yes,42807
Yes,42808
Yes,42809
Yes,42810
Yes,42811
Yes,42812
Yes,42813
Yes,42814
Yes,42815
Yes,42816
Yes,42817
Yes,42818
Yes,42819
Yes,42820
Yes,42821
Yes,42822
Yes,42823
Yes,42824
Yes,42825
Yes,42826
No,42827
Yes,42828
Yes,42829
Yes,42830
Yes,42831
Yes,42832
No,42833
No,42834
Yes,42835
Yes,42836
Yes,42837
Yes,42838
Yes,42839
Yes,42840
Yes,42841
Yes,42842
Yes,42843
Yes,42844
Yes,42845
Yes,42846
Yes,42847
No,42848
Yes,42849
Yes,42850
Yes,42851
Yes,42852
Yes,42853
Yes,42854
Yes,42855
Yes,42856
Yes,42857
Yes,42858
No,42859
Yes,42860
Yes,42861
Yes,42862
Yes,42863
Yes,42864
Yes,42865
Yes,42866
Yes,42867
Yes,42868
Yes,42869
Yes,42870
Yes,42871
Yes,42872
Yes,42873
Yes,42874
Yes,42875
Yes,42876
Yes,42877
No,42878
Yes,42879
No,42880
Yes,42881
Yes,42882
Yes,42883
Yes,42884
Yes,42885
Yes,42886
Yes,42887
Yes,42888
Yes,42889
Yes,42890
Yes,42891
Yes,42892
Yes,42893
Yes,42894
Yes,42895
Yes,42896
Yes,42897
Yes,42898
Yes,42899
Yes,42900
Yes,42901
Yes,42902
Yes,42903
Yes,42904
No,42905
Yes,42906
No,42907
Yes,42908
Yes,42909
Yes,42910
No,42911
Yes,42912
Yes,42913
Yes,42914
Yes,42915
Yes,42916
Yes,42917
Yes,42918
Yes,42919
Yes,42920
Yes,42921
Yes,42922
Yes,42923
Yes,42924
No,42925
No,42926
No,42927
No,42928
Yes,42929
Yes,42930
Yes,42931
Yes,42932
Yes,42933
Yes,42934
Yes,42935
Yes,42936
Yes,42937
Yes,42938
Yes,42939
Yes,42940
Yes,42941
Yes,42942
No,42943
Yes,42944
No,42945
Yes,42946
Yes,42947
Yes,42948
Yes,42949
Yes,42950
Yes,42951
No,42952
Yes,42953
Yes,42954
Yes,42955
Yes,42956
Yes,42957
Yes,42958
Yes,42959
Yes,42960
No,42961
Yes,42962
Yes,42963
Yes,42964
Yes,42965
Yes,42966
Yes,42967
Yes,42968
Yes,42969
Yes,42970
Yes,42971
Yes,42972
Yes,42973
Yes,42974
Yes,42975
Yes,42976
Yes,42977
Yes,42978
Yes,42979
Yes,42980
Yes,42981
Yes,42982
No,42983
Yes,42984
Yes,42985
Yes,42986
Yes,42987
Yes,42988
Yes,42989
Yes,42990
Yes,42991
Yes,42992
Yes,42993
Yes,42994
Yes,42995
Yes,42996
Yes,42997
Yes,42998
Yes,42999
Yes,43000
Yes,43001
Yes,43002
Yes,43003
Yes,43004
Yes,43005
Yes,43006
Yes,43007
Yes,43008
Yes,43009
Yes,43010
Yes,43011
Yes,43012
Yes,43013
Yes,43014
Yes,43015
Yes,43016
Yes,43017
Yes,43018
Yes,43019
Yes,43020
Yes,43021
Yes,43022
Yes,43023
Yes,43024
No,43025
Yes,43026
Yes,43027
Yes,43028
Yes,43029
Yes,43030
Yes,43031
Yes,43032
Yes,43033
Yes,43034
Yes,43035
Yes,43036
Yes,43037
Yes,43038
Yes,43039
Yes,43040
Yes,43041
Yes,43042
Yes,43043
Yes,43044
Yes,43045
Yes,43046
Yes,43047
Yes,43048
Yes,43049
Yes,43050
Yes,43051
Yes,43052
Yes,43053
Yes,43054
Yes,43055
Yes,43056
Yes,43057
Yes,43058
Yes,43059
Yes,43060
Yes,43061
Yes,43062
Yes,43063
Yes,43064
Yes,43065
No,43066
Yes,43067
Yes,43068
Yes,43069
Yes,43070
Yes,43071
Yes,43072
No,43073
No,43074
Yes,43075
Yes,43076
Yes,43077
Yes,43078
Yes,43079
Yes,43080
Yes,43081
Yes,43082
Yes,43083
Yes,43084
No,43085
Yes,43086
Yes,43087
Yes,43088
Yes,43089
Yes,43090
Yes,43091
Yes,43092
Yes,43093
Yes,43094
Yes,43095
Yes,43096
Yes,43097
Yes,43098
Yes,43099
Yes,43100
Yes,43101
Yes,43102
Yes,43103
Yes,43104
Yes,43105
Yes,43106
Yes,43107
Yes,43108
Yes,43109
Yes,43110
Yes,43111
Yes,43112
Yes,43113
Yes,43114
Yes,43115
Yes,43116
Yes,43117
Yes,43118
Yes,43119
Yes,43120
Yes,43121
Yes,43122
Yes,43123
Yes,43124
Yes,43125
Yes,43126
Yes,43127
Yes,43128
Yes,43129
Yes,43130
Yes,43131
Yes,43132
No,43133
Yes,43134
Yes,43135
Yes,43136
Yes,43137
Yes,43138
Yes,43139
Yes,43140
Yes,43141
Yes,43142
Yes,43143
Yes,43144
Yes,43145
No,43146
Yes,43147
Yes,43148
Yes,43149
Yes,43150
Yes,43151
Yes,43152
No,43153
Yes,43154
Yes,43155
Yes,43156
Yes,43157
Yes,43158
Yes,43159
No,43160
Yes,43161
Yes,43162
Yes,43163
Yes,43164
Yes,43165
Yes,43166
Yes,43167
Yes,43168
Yes,43169
Yes,43170
Yes,43171
No,43172
Yes,43173
Yes,43174
Yes,43175
Yes,43176
Yes,43177
No,43178
Yes,43179
Yes,43180
Yes,43181
Yes,43182
Yes,43183
Yes,43184
Yes,43185
Yes,43186
Yes,43187
Yes,43188
Yes,43189
Yes,43190
Yes,43191
Yes,43192
Yes,43193
Yes,43194
Yes,43195
Yes,43196
Yes,43197
Yes,43198
Yes,43199
Yes,43200
Yes,43201
Yes,43202
No,43203
Yes,43204
Yes,43205
Yes,43206
Yes,43207
Yes,43208
Yes,43209
Yes,43210
Yes,43211
No,43212
No,43213
No,43214
No,43215
Yes,43216
Yes,43217
Yes,43218
Yes,43219
Yes,43220
Yes,43221
Yes,43222
Yes,43223
Yes,43224
Yes,43225
Yes,43226
Yes,43227
Yes,43228
Yes,43229
Yes,43230
Yes,43231
No,43232
Yes,43233
No,43234
Yes,43235
No,43236
Yes,43237
Yes,43238
Yes,43239
Yes,43240
Yes,43241
Yes,43242
Yes,43243
Yes,43244
Yes,43245
Yes,43246
Yes,43247
Yes,43248
Yes,43249
Yes,43250
Yes,43251
Yes,43252
Yes,43253
Yes,43254
Yes,43255
Yes,43256
Yes,43257
Yes,43258
Yes,43259
Yes,43260
Yes,43261
Yes,43262
Yes,43263
Yes,43264
Yes,43265
Yes,43266
Yes,43267
Yes,43268
Yes,43269
Yes,43270
Yes,43271
Yes,43272
Yes,43273
Yes,43274
Yes,43275
Yes,43276
Yes,43277
Yes,43278
Yes,43279
Yes,43280
Yes,43281
Yes,43282
Yes,43283
Yes,43284
Yes,43285
Yes,43286
Yes,43287
Yes,43288
Yes,43289
Yes,43290
No,43291
Yes,43292
Yes,43293
Yes,43294
Yes,43295
Yes,43296
Yes,43297
Yes,43298
Yes,43299
Yes,43300
Yes,43301
Yes,43302
Yes,43303
Yes,43304
Yes,43305
Yes,43306
Yes,43307
Yes,43308
Yes,43309
No,43310
No,43311
Yes,43312
Yes,43313
No,43314
No,43315
No,43316
No,43317
Yes,43318
Yes,43319
Yes,43320
Yes,43321
Yes,43322
No,43323
Yes,43324
Yes,43325
Yes,43326
Yes,43327
No,43328
No,43329
Yes,43330
No,43331
No,43332
Yes,43333
No,43334
Yes,43335
Yes,43336
Yes,43337
Yes,43338
Yes,43339
Yes,43340
Yes,43341
Yes,43342
Yes,43343
Yes,43344
Yes,43345
Yes,43346
Yes,43347
Yes,43348
Yes,43349
Yes,43350
Yes,43351
Yes,43352
Yes,43353
Yes,43354
Yes,43355
Yes,43356
Yes,43357
Yes,43358
Yes,43359
Yes,43360
Yes,43361
Yes,43362
Yes,43363
No,43364
Yes,43365
Yes,43366
Yes,43367
Yes,43368
Yes,43369
Yes,43370
Yes,43371
Yes,43372
Yes,43373
Yes,43374
Yes,43375
Yes,43376
Yes,43377
Yes,43378
Yes,43379
Yes,43380
Yes,43381
Yes,43382
Yes,43383
Yes,43384
Yes,43385
Yes,43386
Yes,43387
No,43388
Yes,43389
No,43390
No,43391
No,43392
No,43393
Yes,43394
No,43395
Yes,43396
No,43397
Yes,43398
No,43399
Yes,43400
No,43401
Yes,43402
Yes,43403
Yes,43404
Yes,43405
Yes,43406
Yes,43407
Yes,43408
Yes,43409
Yes,43410
Yes,43411
Yes,43412
Yes,43413
Yes,43414
Yes,43415
Yes,43416
Yes,43417
Yes,43418
Yes,43419
Yes,43420
Yes,43421
Yes,43422
Yes,43423
Yes,43424
Yes,43425
Yes,43426
Yes,43427
Yes,43428
No,43429
Yes,43430
No,43431
Yes,43432
Yes,43433
No,43434
No,43435
Yes,43436
Yes,43437
Yes,43438
Yes,43439
Yes,43440
Yes,43441
Yes,43442
Yes,43443
Yes,43444
Yes,43445
Yes,43446
Yes,43447
Yes,43448
Yes,43449
Yes,43450
Yes,43451
Yes,43452
Yes,43453
Yes,43454
Yes,43455
Yes,43456
Yes,43457
No,43458
No,43459
Yes,43460
Yes,43461
Yes,43462
Yes,43463
Yes,43464
Yes,43465
Yes,43466
Yes,43467
Yes,43468
No,43469
Yes,43470
No,43471
Yes,43472
No,43473
Yes,43474
Yes,43475
Yes,43476
Yes,43477
Yes,43478
Yes,43479
Yes,43480
Yes,43481
No,43482
Yes,43483
Yes,43484
Yes,43485
Yes,43486
Yes,43487
No,43488
No,43489
No,43490
Yes,43491
Yes,43492
Yes,43493
Yes,43494
Yes,43495
No,43496
Yes,43497
Yes,43498
Yes,43499
Yes,43500
Yes,43501
No,43502
Yes,43503
Yes,43504
Yes,43505
Yes,43506
Yes,43507
Yes,43508
Yes,43509
Yes,43510
Yes,43511
No,43512
No,43513
Yes,43514
No,43515
No,43516
No,43517
No,43518
Yes,43519
Yes,43520
Yes,43521
Yes,43522
Yes,43523
Yes,43524
No,43525
Yes,43526
No,43527
Yes,43528
Yes,43529
Yes,43530
No,43531
Yes,43532
Yes,43533
Yes,43534
Yes,43535
Yes,43536
Yes,43537
Yes,43538
Yes,43539
Yes,43540
Yes,43541
Yes,43542
Yes,43543
Yes,43544
Yes,43545
Yes,43546
Yes,43547
Yes,43548
Yes,43549
Yes,43550
Yes,43551
Yes,43552
Yes,43553
Yes,43554
Yes,43555
Yes,43556
Yes,43557
No,43558
Yes,43559
No,43560
No,43561
No,43562
Yes,43563
Yes,43564
Yes,43565
Yes,43566
Yes,43567
Yes,43568
Yes,43569
Yes,43570
Yes,43571
Yes,43572
Yes,43573
Yes,43574
Yes,43575
Yes,43576
Yes,43577
Yes,43578
No,43579
Yes,43580
Yes,43581
No,43582
Yes,43583
Yes,43584
No,43585
Yes,43586
Yes,43587
Yes,43588
Yes,43589
Yes,43590
Yes,43591
Yes,43592
Yes,43593
Yes,43594
Yes,43595
Yes,43596
Yes,43597
Yes,43598
Yes,43599
Yes,43600
Yes,43601
Yes,43602
Yes,43603
Yes,43604
Yes,43605
Yes,43606
Yes,43607
Yes,43608
Yes,43609
Yes,43610
Yes,43611
Yes,43612
Yes,43613
No,43614
Yes,43615
Yes,43616
Yes,43617
Yes,43618
Yes,43619
Yes,43620
Yes,43621
Yes,43622
Yes,43623
Yes,43624
Yes,43625
Yes,43626
Yes,43627
Yes,43628
Yes,43629
Yes,43630
Yes,43631
Yes,43632
Yes,43633
Yes,43634
Yes,43635
No,43636
Yes,43637
No,43638
Yes,43639
No,43640
Yes,43641
Yes,43642
No,43643
No,43644
Yes,43645
Yes,43646
Yes,43647
Yes,43648
Yes,43649
No,43650
Yes,43651
Yes,43652
Yes,43653
Yes,43654
Yes,43655
Yes,43656
Yes,43657
Yes,43658
Yes,43659
Yes,43660
Yes,43661
Yes,43662
Yes,43663
No,43664
Yes,43665
Yes,43666
Yes,43667
Yes,43668
Yes,43669
Yes,43670
Yes,43671
Yes,43672
Yes,43673
Yes,43674
Yes,43675
Yes,43676
Yes,43677
Yes,43678
Yes,43679
Yes,43680
Yes,43681
Yes,43682
Yes,43683
Yes,43684
Yes,43685
Yes,43686
Yes,43687
Yes,43688
Yes,43689
Yes,43690
Yes,43691
Yes,43692
No,43693
Yes,43694
Yes,43695
Yes,43696
Yes,43697
Yes,43698
Yes,43699
Yes,43700
Yes,43701
Yes,43702
Yes,43703
Yes,43704
Yes,43705
Yes,43706
Yes,43707
Yes,43708
Yes,43709
Yes,43710
Yes,43711
No,43712
Yes,43713
Yes,43714
Yes,43715
Yes,43716
Yes,43717
Yes,43718
Yes,43719
Yes,43720
Yes,43721
Yes,43722
Yes,43723
Yes,43724
Yes,43725
Yes,43726
Yes,43727
Yes,43728
Yes,43729
Yes,43730
Yes,43731
Yes,43732
Yes,43733
Yes,43734
Yes,43735
Yes,43736
Yes,43737
Yes,43738
Yes,43739
Yes,43740
Yes,43741
Yes,43742
No,43743
Yes,43744
Yes,43745
Yes,43746
Yes,43747
Yes,43748
Yes,43749
No,43750
Yes,43751
Yes,43752
Yes,43753
Yes,43754
Yes,43755
Yes,43756
Yes,43757
No,43758
Yes,43759
Yes,43760
Yes,43761
Yes,43762
Yes,43763
Yes,43764
Yes,43765
No,43766
Yes,43767
No,43768
No,43769
Yes,43770
Yes,43771
Yes,43772
Yes,43773
Yes,43774
Yes,43775
Yes,43776
Yes,43777
Yes,43778
Yes,43779
Yes,43780
No,43781
Yes,43782
Yes,43783
No,43784
Yes,43785
Yes,43786
Yes,43787
Yes,43788
Yes,43789
Yes,43790
Yes,43791
Yes,43792
Yes,43793
Yes,43794
Yes,43795
Yes,43796
Yes,43797
No,43798
No,43799
Yes,43800
Yes,43801
No,43802
Yes,43803
Yes,43804
Yes,43805
Yes,43806
Yes,43807
Yes,43808
Yes,43809
Yes,43810
Yes,43811
Yes,43812
No,43813
No,43814
Yes,43815
Yes,43816
No,43817
No,43818
Yes,43819
Yes,43820
Yes,43821
Yes,43822
No,43823
No,43824
Yes,43825
Yes,43826
Yes,43827
Yes,43828
No,43829
Yes,43830
Yes,43831
Yes,43832
Yes,43833
Yes,43834
Yes,43835
Yes,43836
Yes,43837
Yes,43838
Yes,43839
Yes,43840
Yes,43841
Yes,43842
Yes,43843
No,43844
Yes,43845
Yes,43846
Yes,43847
Yes,43848
Yes,43849
Yes,43850
Yes,43851
Yes,43852
Yes,43853
Yes,43854
Yes,43855
Yes,43856
Yes,43857
Yes,43858
Yes,43859
Yes,43860
Yes,43861
Yes,43862
Yes,43863
Yes,43864
Yes,43865
Yes,43866
Yes,43867
Yes,43868
Yes,43869
Yes,43870
Yes,43871
Yes,43872
Yes,43873
Yes,43874
No,43875
Yes,43876
Yes,43877
Yes,43878
Yes,43879
Yes,43880
Yes,43881
Yes,43882
Yes,43883
Yes,43884
Yes,43885
Yes,43886
Yes,43887
Yes,43888
Yes,43889
Yes,43890
Yes,43891
Yes,43892
Yes,43893
Yes,43894
Yes,43895
Yes,43896
Yes,43897
Yes,43898
Yes,43899
Yes,43900
Yes,43901
Yes,43902
Yes,43903
Yes,43904
Yes,43905
Yes,43906
Yes,43907
Yes,43908
Yes,43909
Yes,43910
Yes,43911
Yes,43912
Yes,43913
Yes,43914
Yes,43915
Yes,43916
Yes,43917
Yes,43918
Yes,43919
Yes,43920
Yes,43921
Yes,43922
Yes,43923
No,43924
Yes,43925
Yes,43926
Yes,43927
Yes,43928
Yes,43929
Yes,43930
Yes,43931
Yes,43932
Yes,43933
No,43934
Yes,43935
Yes,43936
Yes,43937
Yes,43938
Yes,43939
Yes,43940
Yes,43941
Yes,43942
Yes,43943
Yes,43944
Yes,43945
Yes,43946
Yes,43947
Yes,43948
Yes,43949
Yes,43950
Yes,43951
Yes,43952
Yes,43953
Yes,43954
Yes,43955
Yes,43956
Yes,43957
Yes,43958
Yes,43959
Yes,43960
Yes,43961
Yes,43962
No,43963
Yes,43964
Yes,43965
Yes,43966
Yes,43967
Yes,43968
Yes,43969
Yes,43970
Yes,43971
Yes,43972
Yes,43973
Yes,43974
Yes,43975
No,43976
No,43977
No,43978
No,43979
Yes,43980
Yes,43981
Yes,43982
Yes,43983
Yes,43984
Yes,43985
Yes,43986
Yes,43987
Yes,43988
Yes,43989
Yes,43990
Yes,43991
Yes,43992
Yes,43993
Yes,43994
Yes,43995
Yes,43996
Yes,43997
Yes,43998
Yes,43999
Yes,44000
Yes,44001
Yes,44002
Yes,44003
Yes,44004
Yes,44005
Yes,44006
Yes,44007
Yes,44008
Yes,44009
Yes,44010
Yes,44011
Yes,44012
Yes,44013
Yes,44014
Yes,44015
Yes,44016
No,44017
No,44018
Yes,44019
Yes,44020
No,44021
Yes,44022
Yes,44023
Yes,44024
Yes,44025
Yes,44026
Yes,44027
Yes,44028
Yes,44029
Yes,44030
Yes,44031
No,44032
No,44033
Yes,44034
Yes,44035
Yes,44036
Yes,44037
Yes,44038
Yes,44039
Yes,44040
Yes,44041
Yes,44042
Yes,44043
Yes,44044
Yes,44045
Yes,44046
Yes,44047
Yes,44048
No,44049
Yes,44050
No,44051
Yes,44052
Yes,44053
Yes,44054
Yes,44055
Yes,44056
Yes,44057
Yes,44058
Yes,44059
Yes,44060
Yes,44061
No,44062
Yes,44063
Yes,44064
No,44065
Yes,44066
Yes,44067
Yes,44068
Yes,44069
Yes,44070
Yes,44071
Yes,44072
Yes,44073
No,44074
Yes,44075
No,44076
No,44077
No,44078
No,44079
Yes,44080
Yes,44081
Yes,44082
Yes,44083
No,44084
No,44085
Yes,44086
Yes,44087
No,44088
No,44089
No,44090
No,44091
No,44092
Yes,44093
No,44094
No,44095
No,44096
No,44097
No,44098
Yes,44099
Yes,44100
Yes,44101
Yes,44102
Yes,44103
No,44104
No,44105
No,44106
Yes,44107
No,44108
No,44109
Yes,44110
No,44111
No,44112
Yes,44113
No,44114
No,44115
No,44116
No,44117
Yes,44118
Yes,44119
Yes,44120
No,44121
No,44122
Yes,44123
No,44124
No,44125
No,44126
No,44127
Yes,44128
No,44129
No,44130
Yes,44131
Yes,44132
No,44133
Yes,44134
No,44135
No,44136
No,44137
No,44138
No,44139
No,44140
Yes,44141
No,44142
No,44143
No,44144
Yes,44145
No,44146
No,44147
No,44148
No,44149
No,44150
Yes,44151
No,44152
No,44153
No,44154
No,44155
No,44156
No,44157
No,44158
No,44159
No,44160
No,44161
Yes,44162
No,44163
No,44164
No,44165
No,44166
Yes,44167
No,44168
No,44169
Yes,44170
No,44171
No,44172
No,44173
Yes,44174
Yes,44175
Yes,44176
No,44177
No,44178
Yes,44179
Yes,44180
No,44181
No,44182
Yes,44183
Yes,44184
No,44185
No,44186
Yes,44187
No,44188
Yes,44189
Yes,44190
No,44191
No,44192
No,44193
No,44194
No,44195
Yes,44196
No,44197
Yes,44198
Yes,44199
Yes,44200
Yes,44201
No,44202
Yes,44203
Yes,44204
Yes,44205
No,44206
Yes,44207
Yes,44208
No,44209
No,44210
No,44211
No,44212
No,44213
No,44214
No,44215
No,44216
No,44217
No,44218
Yes,44219
No,44220
Yes,44221
Yes,44222
No,44223
No,44224
Yes,44225
Yes,44226
Yes,44227
No,44228
Yes,44229
Yes,44230
No,44231
No,44232
Yes,44233
No,44234
Yes,44235
Yes,44236
No,44237
No,44238
No,44239
Yes,44240
Yes,44241
No,44242
No,44243
Yes,44244
Yes,44245
No,44246
No,44247
No,44248
Yes,44249
No,44250
No,44251
Yes,44252
No,44253
Yes,44254
No,44255
No,44256
Yes,44257
No,44258
No,44259
Yes,44260
No,44261
Yes,44262
Yes,44263
No,44264
No,44265
Yes,44266
Yes,44267
No,44268
Yes,44269
No,44270
No,44271
No,44272
Yes,44273
No,44274
No,44275
No,44276
No,44277
No,44278
No,44279
No,44280
No,44281
Yes,44282
Yes,44283
No,44284
Yes,44285
No,44286
No,44287
Yes,44288
No,44289
No,44290
No,44291
No,44292
Yes,44293
No,44294
No,44295
Yes,44296
No,44297
Yes,44298
No,44299
No,44300
No,44301
Yes,44302
No,44303
No,44304
No,44305
No,44306
No,44307
No,44308
No,44309
Yes,44310
No,44311
No,44312
No,44313
No,44314
Yes,44315
No,44316
Yes,44317
No,44318
No,44319
No,44320
No,44321
No,44322
Yes,44323
Yes,44324
No,44325
No,44326
Yes,44327
Yes,44328
No,44329
No,44330
No,44331
No,44332
Yes,44333
No,44334
No,44335
No,44336
No,44337
Yes,44338
Yes,44339
No,44340
No,44341
Yes,44342
No,44343
Yes,44344
Yes,44345
No,44346
Yes,44347
Yes,44348
No,44349
Yes,44350
Yes,44351
No,44352
Yes,44353
Yes,44354
Yes,44355
Yes,44356
No,44357
Yes,44358
No,44359
No,44360
No,44361
No,44362
No,44363
No,44364
Yes,44365
Yes,44366
Yes,44367
Yes,44368
No,44369
No,44370
No,44371
Yes,44372
No,44373
Yes,44374
No,44375
No,44376
Yes,44377
Yes,44378
Yes,44379
No,44380
Yes,44381
No,44382
No,44383
No,44384
No,44385
Yes,44386
Yes,44387
No,44388
Yes,44389
No,44390
No,44391
Yes,44392
No,44393
No,44394
No,44395
Yes,44396
Yes,44397
No,44398
No,44399
No,44400
No,44401
No,44402
Yes,44403
Yes,44404
Yes,44405
Yes,44406
No,44407
No,44408
No,44409
No,44410
No,44411
No,44412
No,44413
No,44414
No,44415
No,44416
Yes,44417
Yes,44418
Yes,44419
No,44420
Yes,44421
Yes,44422
No,44423
Yes,44424
No,44425
No,44426
Yes,44427
Yes,44428
No,44429
No,44430
No,44431
Yes,44432
Yes,44433
No,44434
Yes,44435
No,44436
Yes,44437
Yes,44438
No,44439
No,44440
No,44441
No,44442
Yes,44443
No,44444
No,44445
Yes,44446
No,44447
Yes,44448
Yes,44449
No,44450
No,44451
Yes,44452
No,44453
No,44454
Yes,44455
No,44456
No,44457
No,44458
Yes,44459
Yes,44460
No,44461
No,44462
No,44463
Yes,44464
No,44465
Yes,44466
Yes,44467
No,44468
No,44469
Yes,44470
Yes,44471
No,44472
No,44473
Yes,44474
No,44475
Yes,44476
No,44477
No,44478
No,44479
Yes,44480
No,44481
Yes,44482
No,44483
No,44484
Yes,44485
Yes,44486
No,44487
No,44488
No,44489
No,44490
No,44491
No,44492
No,44493
No,44494
Yes,44495
No,44496
No,44497
Yes,44498
No,44499
No,44500
Yes,44501
No,44502
No,44503
Yes,44504
Yes,44505
No,44506
No,44507
Yes,44508
No,44509
No,44510
No,44511
No,44512
No,44513
No,44514
No,44515
No,44516
No,44517
No,44518
Yes,44519
Yes,44520
No,44521
Yes,44522
No,44523
Yes,44524
Yes,44525
Yes,44526
Yes,44527
No,44528
No,44529
No,44530
No,44531
Yes,44532
No,44533
Yes,44534
No,44535
No,44536
No,44537
Yes,44538
No,44539
No,44540
Yes,44541
No,44542
No,44543
No,44544
Yes,44545
No,44546
Yes,44547
No,44548
No,44549
Yes,44550
Yes,44551
No,44552
Yes,44553
No,44554
Yes,44555
No,44556
No,44557
No,44558
Yes,44559
No,44560
No,44561
Yes,44562
No,44563
No,44564
Yes,44565
No,44566
No,44567
No,44568
No,44569
No,44570
Yes,44571
No,44572
Yes,44573
Yes,44574
Yes,44575
No,44576
No,44577
No,44578
No,44579
No,44580
No,44581
No,44582
Yes,44583
No,44584
No,44585
Yes,44586
No,44587
No,44588
Yes,44589
No,44590
Yes,44591
No,44592
No,44593
Yes,44594
Yes,44595
No,44596
No,44597
No,44598
Yes,44599
No,44600
No,44601
No,44602
No,44603
No,44604
No,44605
Yes,44606
No,44607
No,44608
No,44609
No,44610
No,44611
Yes,44612
Yes,44613
Yes,44614
Yes,44615
No,44616
No,44617
No,44618
No,44619
No,44620
No,44621
No,44622
No,44623
No,44624
No,44625
No,44626
Yes,44627
No,44628
No,44629
Yes,44630
Yes,44631
No,44632
No,44633
No,44634
No,44635
Yes,44636
No,44637
Yes,44638
Yes,44639
Yes,44640
Yes,44641
No,44642
No,44643
Yes,44644
No,44645
No,44646
Yes,44647
No,44648
No,44649
No,44650
No,44651
No,44652
No,44653
No,44654
No,44655
No,44656
Yes,44657
No,44658
No,44659
No,44660
No,44661
No,44662
Yes,44663
Yes,44664
Yes,44665
Yes,44666
No,44667
No,44668
No,44669
Yes,44670
No,44671
Yes,44672
No,44673
No,44674
Yes,44675
No,44676
No,44677
Yes,44678
Yes,44679
No,44680
No,44681
No,44682
No,44683
Yes,44684
No,44685
Yes,44686
No,44687
No,44688
No,44689
No,44690
No,44691
No,44692
No,44693
No,44694
Yes,44695
Yes,44696
No,44697
No,44698
No,44699
Yes,44700
Yes,44701
Yes,44702
No,44703
No,44704
No,44705
No,44706
Yes,44707
No,44708
Yes,44709
No,44710
No,44711
No,44712
Yes,44713
Yes,44714
Yes,44715
Yes,44716
No,44717
No,44718
No,44719
No,44720
No,44721
No,44722
No,44723
No,44724
No,44725
Yes,44726
No,44727
No,44728
No,44729
Yes,44730
No,44731
Yes,44732
Yes,44733
Yes,44734
No,44735
No,44736
No,44737
Yes,44738
No,44739
Yes,44740
Yes,44741
Yes,44742
No,44743
Yes,44744
Yes,44745
Yes,44746
Yes,44747
No,44748
No,44749
No,44750
Yes,44751
No,44752
No,44753
No,44754
Yes,44755
No,44756
No,44757
Yes,44758
No,44759
No,44760
No,44761
No,44762
No,44763
Yes,44764
No,44765
No,44766
No,44767
No,44768
Yes,44769
No,44770
Yes,44771
Yes,44772
Yes,44773
Yes,44774
No,44775
Yes,44776
No,44777
No,44778
Yes,44779
No,44780
No,44781
Yes,44782
No,44783
No,44784
No,44785
Yes,44786
No,44787
No,44788
No,44789
No,44790
No,44791
No,44792
Yes,44793
No,44794
No,44795
No,44796
Yes,44797
No,44798
No,44799
No,44800
No,44801
Yes,44802
No,44803
Yes,44804
No,44805
No,44806
Yes,44807
Yes,44808
No,44809
Yes,44810
No,44811
No,44812
Yes,44813
No,44814
No,44815
Yes,44816
No,44817
Yes,44818
Yes,44819
No,44820
Yes,44821
No,44822
Yes,44823
No,44824
No,44825
Yes,44826
Yes,44827
Yes,44828
Yes,44829
No,44830
No,44831
No,44832
Yes,44833
No,44834
No,44835
Yes,44836
No,44837
Yes,44838
Yes,44839
Yes,44840
Yes,44841
No,44842
No,44843
No,44844
No,44845
No,44846
No,44847
No,44848
No,44849
Yes,44850
No,44851
Yes,44852
No,44853
No,44854
Yes,44855
No,44856
Yes,44857
Yes,44858
No,44859
No,44860
No,44861
No,44862
No,44863
No,44864
No,44865
No,44866
Yes,44867
No,44868
No,44869
Yes,44870
No,44871
Yes,44872
No,44873
No,44874
No,44875
No,44876
Yes,44877
No,44878
Yes,44879
Yes,44880
No,44881
Yes,44882
No,44883
No,44884
No,44885
Yes,44886
No,44887
Yes,44888
Yes,44889
Yes,44890
No,44891
Yes,44892
Yes,44893
No,44894
No,44895
Yes,44896
Yes,44897
No,44898
Yes,44899
No,44900
Yes,44901
No,44902
Yes,44903
No,44904
Yes,44905
No,44906
Yes,44907
No,44908
No,44909
No,44910
No,44911
No,44912
No,44913
Yes,44914
No,44915
No,44916
No,44917
No,44918
No,44919
Yes,44920
Yes,44921
No,44922
No,44923
Yes,44924
No,44925
No,44926
No,44927
No,44928
No,44929
No,44930
No,44931
Yes,44932
No,44933
No,44934
Yes,44935
No,44936
No,44937
No,44938
Yes,44939
Yes,44940
No,44941
No,44942
Yes,44943
Yes,44944
No,44945
No,44946
No,44947
No,44948
No,44949
No,44950
No,44951
No,44952
No,44953
No,44954
No,44955
No,44956
No,44957
Yes,44958
No,44959
No,44960
Yes,44961
No,44962
No,44963
Yes,44964
Yes,44965
No,44966
No,44967
No,44968
No,44969
No,44970
No,44971
Yes,44972
No,44973
Yes,44974
No,44975
No,44976
No,44977
Yes,44978
Yes,44979
Yes,44980
Yes,44981
No,44982
Yes,44983
No,44984
No,44985
No,44986
Yes,44987
Yes,44988
No,44989
No,44990
No,44991
No,44992
No,44993
No,44994
No,44995
Yes,44996
Yes,44997
Yes,44998
No,44999
Yes,45000
No,45001
Yes,45002
Yes,45003
No,45004
Yes,45005
Yes,45006
No,45007
Yes,45008
No,45009
No,45010
Yes,45011
Yes,45012
Yes,45013
Yes,45014
No,45015
No,45016
No,45017
Yes,45018
Yes,45019
Yes,45020
No,45021
Yes,45022
No,45023
No,45024
No,45025
No,45026
Yes,45027
No,45028
No,45029
Yes,45030
No,45031
Yes,45032
Yes,45033
No,45034
No,45035
Yes,45036
No,45037
Yes,45038
Yes,45039
No,45040
Yes,45041
Yes,45042
Yes,45043
Yes,45044
No,45045
No,45046
No,45047
No,45048
No,45049
No,45050
No,45051
No,45052
No,45053
No,45054
Yes,45055
No,45056
No,45057
No,45058
Yes,45059
No,45060
Yes,45061
Yes,45062
Yes,45063
Yes,45064
Yes,45065
No,45066
Yes,45067
No,45068
No,45069
No,45070
No,45071
Yes,45072
Yes,45073
Yes,45074
No,45075
Yes,45076
No,45077
No,45078
Yes,45079
Yes,45080
Yes,45081
No,45082
Yes,45083
No,45084
No,45085
No,45086
No,45087
Yes,45088
Yes,45089
Yes,45090
No,45091
No,45092
No,45093
No,45094
No,45095
Yes,45096
No,45097
No,45098
No,45099
No,45100
No,45101
Yes,45102
No,45103
Yes,45104
No,45105
No,45106
No,45107
No,45108
No,45109
Yes,45110
Yes,45111
No,45112
No,45113
Yes,45114
Yes,45115
No,45116
No,45117
No,45118
Yes,45119
No,45120
No,45121
No,45122
Yes,45123
No,45124
Yes,45125
No,45126
Yes,45127
Yes,45128
No,45129
No,45130
No,45131
No,45132
No,45133
No,45134
Yes,45135
Yes,45136
No,45137
No,45138
No,45139
No,45140
No,45141
Yes,45142
No,45143
Yes,45144
No,45145
No,45146
Yes,45147
No,45148
Yes,45149
Yes,45150
No,45151
No,45152
Yes,45153
Yes,45154
No,45155
No,45156
No,45157
No,45158
No,45159
No,45160
Yes,45161
No,45162
Yes,45163
Yes,45164
No,45165
Yes,45166
Yes,45167
Yes,45168
No,45169
No,45170
No,45171
No,45172
No,45173
No,45174
No,45175
No,45176
No,45177
No,45178
No,45179
No,45180
Yes,45181
No,45182
Yes,45183
No,45184
Yes,45185
No,45186
Yes,45187
No,45188
Yes,45189
No,45190
No,45191
No,45192
Yes,45193
No,45194
No,45195
Yes,45196
No,45197
No,45198
No,45199
No,45200
Yes,45201
No,45202
Yes,45203
No,45204
No,45205
No,45206
Yes,45207
No,45208
No,45209
No,45210
No,45211
No,45212
Yes,45213
Yes,45214
Yes,45215
No,45216
Yes,45217
No,45218
Yes,45219
Yes,45220
Yes,45221
Yes,45222
No,45223
No,45224
Yes,45225
No,45226
No,45227
No,45228
No,45229
Yes,45230
No,45231
No,45232
No,45233
No,45234
No,45235
No,45236
No,45237
No,45238
No,45239
No,45240
No,45241
Yes,45242
No,45243
Yes,45244
Yes,45245
Yes,45246
Yes,45247
Yes,45248
Yes,45249
Yes,45250
Yes,45251
No,45252
No,45253
No,45254
No,45255
No,45256
No,45257
No,45258
No,45259
No,45260
No,45261
Yes,45262
Yes,45263
Yes,45264
No,45265
No,45266
No,45267
Yes,45268
No,45269
Yes,45270
No,45271
No,45272
No,45273
Yes,45274
Yes,45275
No,45276
No,45277
No,45278
Yes,45279
Yes,45280
No,45281
No,45282
No,45283
No,45284
Yes,45285
No,45286
No,45287
No,45288
No,45289
No,45290
No,45291
Yes,45292
No,45293
No,45294
No,45295
Yes,45296
Yes,45297
No,45298
Yes,45299
No,45300
Yes,45301
No,45302
No,45303
No,45304
Yes,45305
No,45306
Yes,45307
Yes,45308
Yes,45309
No,45310
No,45311
No,45312
Yes,45313
No,45314
No,45315
No,45316
No,45317
No,45318
No,45319
Yes,45320
Yes,45321
Yes,45322
No,45323
No,45324
Yes,45325
No,45326
No,45327
No,45328
No,45329
No,45330
Yes,45331
No,45332
Yes,45333
No,45334
No,45335
Yes,45336
No,45337
No,45338
No,45339
No,45340
No,45341
Yes,45342
Yes,45343
Yes,45344
Yes,45345
Yes,45346
Yes,45347
No,45348
No,45349
No,45350
No,45351
No,45352
No,45353
No,45354
Yes,45355
No,45356
Yes,45357
No,45358
Yes,45359
No,45360
Yes,45361
No,45362
Yes,45363
Yes,45364
No,45365
Yes,45366
Yes,45367
No,45368
Yes,45369
No,45370
No,45371
Yes,45372
No,45373
No,45374
No,45375
No,45376
No,45377
No,45378
No,45379
No,45380
No,45381
No,45382
No,45383
Yes,45384
Yes,45385
Yes,45386
No,45387
Yes,45388
No,45389
Yes,45390
Yes,45391
No,45392
No,45393
No,45394
No,45395
No,45396
No,45397
Yes,45398
No,45399
Yes,45400
No,45401
No,45402
No,45403
No,45404
No,45405
No,45406
No,45407
No,45408
No,45409
Yes,45410
No,45411
No,45412
Yes,45413
Yes,45414
No,45415
No,45416
No,45417
Yes,45418
Yes,45419
No,45420
No,45421
No,45422
No,45423
No,45424
No,45425
No,45426
No,45427
No,45428
Yes,45429
No,45430
No,45431
No,45432
No,45433
Yes,45434
No,45435
Yes,45436
Yes,45437
Yes,45438
No,45439
No,45440
No,45441
Yes,45442
Yes,45443
Yes,45444
Yes,45445
No,45446
No,45447
Yes,45448
No,45449
No,45450
Yes,45451
Yes,45452
No,45453
No,45454
No,45455
No,45456
No,45457
No,45458
No,45459
No,45460
Yes,45461
No,45462
No,45463
No,45464
Yes,45465
No,45466
No,45467
Yes,45468
No,45469
No,45470
Yes,45471
No,45472
No,45473
No,45474
No,45475
No,45476
Yes,45477
No,45478
Yes,45479
Yes,45480
No,45481
Yes,45482
No,45483
No,45484
Yes,45485
No,45486
No,45487
Yes,45488
Yes,45489
Yes,45490
Yes,45491
No,45492
No,45493
No,45494
Yes,45495
No,45496
Yes,45497
No,45498
No,45499
No,45500
Yes,45501
Yes,45502
Yes,45503
No,45504
Yes,45505
Yes,45506
Yes,45507
No,45508
Yes,45509
No,45510
No,45511
No,45512
Yes,45513
No,45514
No,45515
Yes,45516
No,45517
No,45518
No,45519
Yes,45520
Yes,45521
Yes,45522
No,45523
No,45524
No,45525
No,45526
No,45527
No,45528
No,45529
No,45530
Yes,45531
No,45532
No,45533
Yes,45534
Yes,45535
Yes,45536
No,45537
Yes,45538
No,45539
Yes,45540
No,45541
No,45542
No,45543
Yes,45544
Yes,45545
No,45546
Yes,45547
Yes,45548
Yes,45549
No,45550
No,45551
No,45552
Yes,45553
No,45554
Yes,45555
No,45556
No,45557
No,45558
No,45559
No,45560
No,45561
Yes,45562
Yes,45563
No,45564
Yes,45565
Yes,45566
No,45567
No,45568
No,45569
Yes,45570
No,45571
No,45572
No,45573
No,45574
No,45575
No,45576
No,45577
Yes,45578
No,45579
Yes,45580
No,45581
No,45582
No,45583
No,45584
No,45585
No,45586
No,45587
No,45588
No,45589
Yes,45590
No,45591
Yes,45592
No,45593
Yes,45594
Yes,45595
No,45596
No,45597
No,45598
Yes,45599
No,45600
No,45601
No,45602
Yes,45603
Yes,45604
No,45605
No,45606
Yes,45607
No,45608
No,45609
No,45610
Yes,45611
No,45612
Yes,45613
No,45614
No,45615
No,45616
No,45617
Yes,45618
No,45619
No,45620
No,45621
No,45622
Yes,45623
No,45624
No,45625
No,45626
No,45627
Yes,45628
No,45629
Yes,45630
Yes,45631
No,45632
No,45633
No,45634
No,45635
Yes,45636
No,45637
No,45638
Yes,45639
No,45640
Yes,45641
No,45642
No,45643
No,45644
Yes,45645
No,45646
Yes,45647
Yes,45648
No,45649
Yes,45650
Yes,45651
No,45652
No,45653
Yes,45654
No,45655
No,45656
No,45657
No,45658
No,45659
Yes,45660
Yes,45661
No,45662
No,45663
No,45664
No,45665
No,45666
No,45667
Yes,45668
No,45669
No,45670
Yes,45671
No,45672
No,45673
No,45674
No,45675
No,45676
No,45677
No,45678
No,45679
No,45680
No,45681
No,45682
No,45683
No,45684
No,45685
No,45686
No,45687
Yes,45688
Yes,45689
Yes,45690
Yes,45691
No,45692
No,45693
No,45694
Yes,45695
No,45696
No,45697
No,45698
No,45699
No,45700
Yes,45701
No,45702
No,45703
No,45704
Yes,45705
Yes,45706
No,45707
No,45708
Yes,45709
No,45710
No,45711
No,45712
No,45713
No,45714
No,45715
Yes,45716
Yes,45717
No,45718
Yes,45719
No,45720
No,45721
No,45722
No,45723
No,45724
Yes,45725
No,45726
No,45727
No,45728
No,45729
No,45730
No,45731
No,45732
No,45733
No,45734
Yes,45735
No,45736
No,45737
Yes,45738
No,45739
Yes,45740
Yes,45741
No,45742
No,45743
No,45744
Yes,45745
No,45746
No,45747
Yes,45748
No,45749
Yes,45750
Yes,45751
Yes,45752
No,45753
No,45754
Yes,45755
Yes,45756
Yes,45757
No,45758
No,45759
No,45760
No,45761
Yes,45762
Yes,45763
No,45764
No,45765
Yes,45766
Yes,45767
Yes,45768
No,45769
No,45770
No,45771
No,45772
No,45773
No,45774
Yes,45775
No,45776
No,45777
Yes,45778
Yes,45779
Yes,45780
No,45781
No,45782
Yes,45783
No,45784
No,45785
Yes,45786
No,45787
No,45788
No,45789
No,45790
No,45791
No,45792
No,45793
No,45794
No,45795
No,45796
No,45797
Yes,45798
Yes,45799
No,45800
No,45801
Yes,45802
No,45803
No,45804
No,45805
Yes,45806
Yes,45807
No,45808
No,45809
No,45810
No,45811
No,45812
Yes,45813
No,45814
Yes,45815
No,45816
No,45817
No,45818
No,45819
No,45820
No,45821
Yes,45822
No,45823
Yes,45824
No,45825
Yes,45826
No,45827
Yes,45828
Yes,45829
No,45830
No,45831
No,45832
No,45833
Yes,45834
No,45835
Yes,45836
No,45837
No,45838
No,45839
No,45840
No,45841
No,45842
No,45843
Yes,45844
No,45845
No,45846
No,45847
No,45848
No,45849
Yes,45850
No,45851
No,45852
No,45853
No,45854
No,45855
No,45856
No,45857
No,45858
No,45859
No,45860
Yes,45861
No,45862
No,45863
No,45864
Yes,45865
No,45866
No,45867
No,45868
Yes,45869
Yes,45870
No,45871
No,45872
No,45873
No,45874
No,45875
No,45876
No,45877
No,45878
No,45879
No,45880
Yes,45881
No,45882
Yes,45883
No,45884
Yes,45885
No,45886
Yes,45887
No,45888
No,45889
No,45890
No,45891
No,45892
Yes,45893
No,45894
Yes,45895
Yes,45896
No,45897
No,45898
Yes,45899
Yes,45900
No,45901
No,45902
Yes,45903
No,45904
Yes,45905
No,45906
Yes,45907
No,45908
No,45909
No,45910
No,45911
Yes,45912
No,45913
Yes,45914
Yes,45915
No,45916
No,45917
Yes,45918
Yes,45919
Yes,45920
No,45921
Yes,45922
No,45923
No,45924
Yes,45925
No,45926
No,45927
Yes,45928
No,45929
No,45930
No,45931
No,45932
Yes,45933
No,45934
No,45935
Yes,45936
Yes,45937
No,45938
No,45939
Yes,45940
Yes,45941
No,45942
Yes,45943
Yes,45944
No,45945
Yes,45946
Yes,45947
No,45948
Yes,45949
Yes,45950
Yes,45951
No,45952
No,45953
Yes,45954
No,45955
No,45956
Yes,45957
No,45958
No,45959
Yes,45960
Yes,45961
No,45962
No,45963
Yes,45964
No,45965
No,45966
No,45967
No,45968
No,45969
Yes,45970
No,45971
No,45972
No,45973
No,45974
Yes,45975
Yes,45976
Yes,45977
Yes,45978
No,45979
No,45980
No,45981
No,45982
Yes,45983
Yes,45984
Yes,45985
Yes,45986
No,45987
No,45988
Yes,45989
Yes,45990
No,45991
No,45992
Yes,45993
No,45994
Yes,45995
Yes,45996
Yes,45997
No,45998
No,45999
Yes,46000
No,46001
No,46002
No,46003
No,46004
No,46005
No,46006
No,46007
No,46008
No,46009
Yes,46010
No,46011
No,46012
No,46013
Yes,46014
No,46015
No,46016
No,46017
Yes,46018
No,46019
Yes,46020
No,46021
No,46022
No,46023
No,46024
Yes,46025
Yes,46026
No,46027
Yes,46028
Yes,46029
No,46030
No,46031
No,46032
No,46033
No,46034
No,46035
No,46036
No,46037
No,46038
No,46039
No,46040
No,46041
No,46042
Yes,46043
No,46044
No,46045
No,46046
No,46047
No,46048
Yes,46049
No,46050
No,46051
Yes,46052
No,46053
No,46054
No,46055
No,46056
No,46057
No,46058
No,46059
Yes,46060
No,46061
No,46062
No,46063
No,46064
No,46065
No,46066
Yes,46067
No,46068
No,46069
No,46070
Yes,46071
Yes,46072
Yes,46073
Yes,46074
No,46075
Yes,46076
No,46077
No,46078
No,46079
No,46080
No,46081
No,46082
Yes,46083
No,46084
No,46085
Yes,46086
Yes,46087
No,46088
Yes,46089
No,46090
No,46091
Yes,46092
No,46093
No,46094
No,46095
No,46096
No,46097
No,46098
No,46099
No,46100
Yes,46101
Yes,46102
No,46103
Yes,46104
No,46105
No,46106
No,46107
Yes,46108
No,46109
No,46110
Yes,46111
Yes,46112
No,46113
No,46114
Yes,46115
Yes,46116
No,46117
Yes,46118
Yes,46119
No,46120
No,46121
No,46122
No,46123
No,46124
Yes,46125
No,46126
No,46127
No,46128
No,46129
Yes,46130
Yes,46131
No,46132
Yes,46133
Yes,46134
No,46135
Yes,46136
No,46137
No,46138
No,46139
No,46140
Yes,46141
Yes,46142
No,46143
Yes,46144
No,46145
No,46146
Yes,46147
No,46148
Yes,46149
No,46150
No,46151
Yes,46152
Yes,46153
No,46154
No,46155
No,46156
No,46157
No,46158
Yes,46159
No,46160
No,46161
No,46162
Yes,46163
No,46164
No,46165
No,46166
No,46167
Yes,46168
Yes,46169
No,46170
No,46171
No,46172
Yes,46173
No,46174
Yes,46175
No,46176
No,46177
Yes,46178
No,46179
No,46180
No,46181
No,46182
No,46183
Yes,46184
No,46185
No,46186
No,46187
No,46188
Yes,46189
No,46190
No,46191
No,46192
No,46193
No,46194
No,46195
No,46196
No,46197
No,46198
No,46199
No,46200
Yes,46201
No,46202
Yes,46203
No,46204
No,46205
No,46206
No,46207
Yes,46208
No,46209
Yes,46210
Yes,46211
No,46212
Yes,46213
No,46214
Yes,46215
No,46216
Yes,46217
No,46218
Yes,46219
No,46220
No,46221
Yes,46222
No,46223
Yes,46224
Yes,46225
No,46226
Yes,46227
No,46228
No,46229
No,46230
No,46231
No,46232
Yes,46233
Yes,46234
No,46235
No,46236
No,46237
No,46238
No,46239
No,46240
Yes,46241
Yes,46242
Yes,46243
No,46244
Yes,46245
No,46246
No,46247
No,46248
No,46249
Yes,46250
No,46251
Yes,46252
Yes,46253
Yes,46254
No,46255
No,46256
No,46257
No,46258
No,46259
Yes,46260
No,46261
No,46262
No,46263
No,46264
No,46265
No,46266
Yes,46267
No,46268
No,46269
No,46270
No,46271
Yes,46272
Yes,46273
No,46274
Yes,46275
No,46276
No,46277
Yes,46278
No,46279
Yes,46280
No,46281
No,46282
No,46283
Yes,46284
No,46285
Yes,46286
No,46287
Yes,46288
Yes,46289
No,46290
No,46291
No,46292
No,46293
Yes,46294
No,46295
No,46296
Yes,46297
No,46298
Yes,46299
No,46300
Yes,46301
No,46302
No,46303
Yes,46304
No,46305
No,46306
No,46307
No,46308
No,46309
Yes,46310
No,46311
No,46312
No,46313
Yes,46314
Yes,46315
Yes,46316
Yes,46317
No,46318
No,46319
No,46320
Yes,46321
No,46322
Yes,46323
No,46324
Yes,46325
Yes,46326
No,46327
Yes,46328
No,46329
Yes,46330
No,46331
Yes,46332
No,46333
No,46334
No,46335
No,46336
No,46337
No,46338
No,46339
No,46340
Yes,46341
Yes,46342
No,46343
Yes,46344
No,46345
Yes,46346
No,46347
Yes,46348
No,46349
No,46350
Yes,46351
No,46352
No,46353
No,46354
No,46355
No,46356
Yes,46357
No,46358
No,46359
Yes,46360
Yes,46361
No,46362
No,46363
No,46364
Yes,46365
No,46366
No,46367
No,46368
Yes,46369
No,46370
No,46371
No,46372
No,46373
Yes,46374
Yes,46375
No,46376
Yes,46377
No,46378
Yes,46379
No,46380
No,46381
No,46382
Yes,46383
No,46384
Yes,46385
No,46386
Yes,46387
No,46388
Yes,46389
No,46390
Yes,46391
Yes,46392
Yes,46393
No,46394
No,46395
No,46396
Yes,46397
No,46398
No,46399
No,46400
No,46401
Yes,46402
Yes,46403
No,46404
Yes,46405
No,46406
No,46407
No,46408
No,46409
No,46410
No,46411
No,46412
Yes,46413
Yes,46414
No,46415
Yes,46416
No,46417
No,46418
No,46419
Yes,46420
No,46421
Yes,46422
No,46423
Yes,46424
No,46425
No,46426
No,46427
Yes,46428
No,46429
No,46430
No,46431
No,46432
No,46433
No,46434
No,46435
No,46436
No,46437
No,46438
No,46439
No,46440
No,46441
Yes,46442
No,46443
No,46444
No,46445
No,46446
Yes,46447
No,46448
No,46449
No,46450
No,46451
Yes,46452
No,46453
Yes,46454
Yes,46455
No,46456
No,46457
Yes,46458
Yes,46459
No,46460
No,46461
No,46462
No,46463
Yes,46464
No,46465
No,46466
No,46467
No,46468
Yes,46469
No,46470
No,46471
No,46472
No,46473
Yes,46474
Yes,46475
No,46476
No,46477
No,46478
No,46479
No,46480
No,46481
No,46482
No,46483
No,46484
Yes,46485
Yes,46486
No,46487
Yes,46488
No,46489
No,46490
No,46491
Yes,46492
No,46493
No,46494
No,46495
No,46496
No,46497
No,46498
No,46499
Yes,46500
No,46501
No,46502
No,46503
No,46504
No,46505
Yes,46506
Yes,46507
Yes,46508
No,46509
No,46510
No,46511
Yes,46512
No,46513
No,46514
No,46515
No,46516
Yes,46517
No,46518
No,46519
No,46520
No,46521
Yes,46522
Yes,46523
Yes,46524
No,46525
No,46526
Yes,46527
No,46528
Yes,46529
No,46530
No,46531
No,46532
No,46533
Yes,46534
No,46535
No,46536
No,46537
Yes,46538
No,46539
No,46540
Yes,46541
Yes,46542
No,46543
No,46544
No,46545
No,46546
No,46547
No,46548
No,46549
Yes,46550
No,46551
Yes,46552
Yes,46553
Yes,46554
No,46555
No,46556
Yes,46557
No,46558
No,46559
No,46560
No,46561
No,46562
No,46563
Yes,46564
Yes,46565
No,46566
Yes,46567
Yes,46568
No,46569
No,46570
No,46571
No,46572
Yes,46573
Yes,46574
No,46575
No,46576
No,46577
No,46578
No,46579
No,46580
No,46581
No,46582
Yes,46583
Yes,46584
No,46585
No,46586
No,46587
Yes,46588
No,46589
No,46590
Yes,46591
No,46592
No,46593
No,46594
No,46595
Yes,46596
No,46597
Yes,46598
No,46599
Yes,46600
No,46601
No,46602
Yes,46603
No,46604
No,46605
Yes,46606
Yes,46607
Yes,46608
No,46609
Yes,46610
Yes,46611
Yes,46612
Yes,46613
No,46614
No,46615
Yes,46616
No,46617
Yes,46618
No,46619
Yes,46620
No,46621
No,46622
No,46623
No,46624
Yes,46625
No,46626
Yes,46627
Yes,46628
Yes,46629
No,46630
No,46631
Yes,46632
Yes,46633
No,46634
No,46635
No,46636
No,46637
No,46638
No,46639
Yes,46640
No,46641
No,46642
No,46643
No,46644
No,46645
Yes,46646
Yes,46647
No,46648
No,46649
No,46650
No,46651
No,46652
No,46653
No,46654
No,46655
No,46656
Yes,46657
Yes,46658
No,46659
Yes,46660
No,46661
No,46662
Yes,46663
No,46664
Yes,46665
No,46666
No,46667
No,46668
No,46669
Yes,46670
No,46671
No,46672
Yes,46673
Yes,46674
Yes,46675
Yes,46676
No,46677
Yes,46678
No,46679
No,46680
Yes,46681
Yes,46682
No,46683
No,46684
No,46685
No,46686
No,46687
No,46688
Yes,46689
No,46690
No,46691
No,46692
No,46693
No,46694
No,46695
No,46696
No,46697
No,46698
Yes,46699
Yes,46700
No,46701
Yes,46702
Yes,46703
No,46704
Yes,46705
No,46706
No,46707
No,46708
Yes,46709
Yes,46710
Yes,46711
No,46712
No,46713
Yes,46714
No,46715
Yes,46716
Yes,46717
No,46718
Yes,46719
No,46720
Yes,46721
No,46722
No,46723
Yes,46724
No,46725
No,46726
No,46727
No,46728
No,46729
Yes,46730
No,46731
No,46732
No,46733
Yes,46734
Yes,46735
No,46736
No,46737
No,46738
No,46739
No,46740
No,46741
No,46742
Yes,46743
No,46744
Yes,46745
Yes,46746
Yes,46747
Yes,46748
No,46749
Yes,46750
Yes,46751
Yes,46752
No,46753
No,46754
No,46755
No,46756
No,46757
No,46758
No,46759
Yes,46760
No,46761
No,46762
Yes,46763
No,46764
Yes,46765
No,46766
Yes,46767
No,46768
No,46769
Yes,46770
Yes,46771
Yes,46772
No,46773
No,46774
Yes,46775
No,46776
Yes,46777
Yes,46778
Yes,46779
Yes,46780
Yes,46781
No,46782
No,46783
No,46784
No,46785
No,46786
Yes,46787
No,46788
Yes,46789
Yes,46790
Yes,46791
Yes,46792
Yes,46793
Yes,46794
Yes,46795
Yes,46796
Yes,46797
No,46798
Yes,46799
No,46800
No,46801
Yes,46802
No,46803
No,46804
Yes,46805
Yes,46806
Yes,46807
No,46808
No,46809
Yes,46810
No,46811
Yes,46812
No,46813
Yes,46814
No,46815
No,46816
No,46817
No,46818
No,46819
No,46820
No,46821
No,46822
Yes,46823
Yes,46824
No,46825
No,46826
Yes,46827
No,46828
No,46829
No,46830
Yes,46831
No,46832
No,46833
No,46834
Yes,46835
Yes,46836
Yes,46837
Yes,46838
Yes,46839
Yes,46840
No,46841
No,46842
Yes,46843
No,46844
No,46845
No,46846
Yes,46847
No,46848
No,46849
Yes,46850
Yes,46851
Yes,46852
Yes,46853
No,46854
Yes,46855
No,46856
Yes,46857
No,46858
No,46859
Yes,46860
Yes,46861
Yes,46862
No,46863
Yes,46864
No,46865
Yes,46866
No,46867
No,46868
No,46869
No,46870
Yes,46871
Yes,46872
No,46873
No,46874
Yes,46875
Yes,46876
No,46877
No,46878
No,46879
No,46880
No,46881
No,46882
No,46883
Yes,46884
Yes,46885
No,46886
Yes,46887
No,46888
Yes,46889
No,46890
No,46891
No,46892
No,46893
Yes,46894
No,46895
No,46896
No,46897
Yes,46898
Yes,46899
Yes,46900
No,46901
No,46902
Yes,46903
No,46904
Yes,46905
No,46906
No,46907
No,46908
No,46909
No,46910
No,46911
No,46912
Yes,46913
Yes,46914
No,46915
No,46916
No,46917
No,46918
No,46919
Yes,46920
Yes,46921
No,46922
No,46923
No,46924
No,46925
No,46926
Yes,46927
No,46928
No,46929
No,46930
No,46931
No,46932
No,46933
No,46934
Yes,46935
Yes,46936
Yes,46937
No,46938
Yes,46939
No,46940
No,46941
No,46942
No,46943
No,46944
Yes,46945
No,46946
No,46947
No,46948
No,46949
Yes,46950
No,46951
Yes,46952
No,46953
Yes,46954
No,46955
No,46956
No,46957
Yes,46958
No,46959
No,46960
No,46961
No,46962
Yes,46963
No,46964
No,46965
No,46966
No,46967
No,46968
No,46969
Yes,46970
No,46971
No,46972
No,46973
No,46974
No,46975
No,46976
No,46977
Yes,46978
Yes,46979
Yes,46980
No,46981
No,46982
Yes,46983
No,46984
Yes,46985
Yes,46986
Yes,46987
No,46988
Yes,46989
No,46990
No,46991
No,46992
No,46993
No,46994
No,46995
No,46996
Yes,46997
No,46998
No,46999
No,47000
Yes,47001
No,47002
No,47003
No,47004
Yes,47005
No,47006
No,47007
No,47008
Yes,47009
No,47010
No,47011
Yes,47012
Yes,47013
No,47014
No,47015
Yes,47016
No,47017
No,47018
No,47019
No,47020
No,47021
Yes,47022
No,47023
No,47024
No,47025
No,47026
Yes,47027
Yes,47028
Yes,47029
No,47030
No,47031
No,47032
Yes,47033
Yes,47034
No,47035
No,47036
Yes,47037
No,47038
No,47039
No,47040
No,47041
No,47042
Yes,47043
No,47044
No,47045
No,47046
Yes,47047
No,47048
No,47049
No,47050
Yes,47051
No,47052
No,47053
Yes,47054
No,47055
No,47056
No,47057
No,47058
Yes,47059
No,47060
No,47061
No,47062
No,47063
No,47064
No,47065
No,47066
Yes,47067
Yes,47068
Yes,47069
Yes,47070
Yes,47071
No,47072
No,47073
No,47074
No,47075
Yes,47076
No,47077
No,47078
No,47079
Yes,47080
Yes,47081
No,47082
Yes,47083
No,47084
Yes,47085
Yes,47086
Yes,47087
Yes,47088
Yes,47089
No,47090
No,47091
No,47092
Yes,47093
No,47094
Yes,47095
No,47096
No,47097
Yes,47098
No,47099
No,47100
Yes,47101
Yes,47102
No,47103
No,47104
No,47105
No,47106
No,47107
No,47108
No,47109
Yes,47110
Yes,47111
Yes,47112
Yes,47113
Yes,47114
No,47115
No,47116
No,47117
Yes,47118
Yes,47119
Yes,47120
No,47121
No,47122
Yes,47123
Yes,47124
Yes,47125
Yes,47126
No,47127
Yes,47128
No,47129
No,47130
No,47131
No,47132
Yes,47133
No,47134
Yes,47135
No,47136
Yes,47137
No,47138
Yes,47139
No,47140
Yes,47141
No,47142
Yes,47143
No,47144
No,47145
No,47146
No,47147
No,47148
No,47149
Yes,47150
No,47151
Yes,47152
Yes,47153
No,47154
Yes,47155
No,47156
No,47157
No,47158
Yes,47159
No,47160
No,47161
No,47162
No,47163
No,47164
No,47165
No,47166
No,47167
No,47168
Yes,47169
No,47170
No,47171
No,47172
Yes,47173
No,47174
Yes,47175
No,47176
No,47177
No,47178
Yes,47179
Yes,47180
No,47181
No,47182
No,47183
No,47184
Yes,47185
No,47186
Yes,47187
No,47188
No,47189
No,47190
No,47191
No,47192
No,47193
No,47194
No,47195
No,47196
Yes,47197
No,47198
No,47199
No,47200
No,47201
Yes,47202
No,47203
Yes,47204
No,47205
Yes,47206
Yes,47207
No,47208
No,47209
Yes,47210
No,47211
No,47212
No,47213
Yes,47214
No,47215
No,47216
No,47217
Yes,47218
No,47219
No,47220
No,47221
Yes,47222
Yes,47223
No,47224
Yes,47225
Yes,47226
Yes,47227
No,47228
No,47229
No,47230
Yes,47231
No,47232
No,47233
Yes,47234
No,47235
No,47236
No,47237
Yes,47238
No,47239
Yes,47240
No,47241
No,47242
Yes,47243
Yes,47244
Yes,47245
No,47246
Yes,47247
Yes,47248
Yes,47249
No,47250
Yes,47251
No,47252
No,47253
No,47254
No,47255
No,47256
No,47257
No,47258
No,47259
No,47260
No,47261
Yes,47262
Yes,47263
No,47264
Yes,47265
No,47266
No,47267
Yes,47268
No,47269
No,47270
No,47271
No,47272
Yes,47273
No,47274
Yes,47275
Yes,47276
Yes,47277
No,47278
No,47279
No,47280
No,47281
No,47282
Yes,47283
No,47284
Yes,47285
No,47286
Yes,47287
No,47288
Yes,47289
No,47290
No,47291
Yes,47292
No,47293
No,47294
No,47295
No,47296
Yes,47297
Yes,47298
No,47299
No,47300
No,47301
Yes,47302
Yes,47303
No,47304
Yes,47305
No,47306
No,47307
Yes,47308
No,47309
Yes,47310
No,47311
No,47312
No,47313
No,47314
No,47315
No,47316
No,47317
No,47318
Yes,47319
No,47320
No,47321
Yes,47322
Yes,47323
No,47324
Yes,47325
No,47326
No,47327
No,47328
No,47329
Yes,47330
No,47331
No,47332
No,47333
Yes,47334
No,47335
No,47336
No,47337
Yes,47338
No,47339
No,47340
Yes,47341
Yes,47342
No,47343
No,47344
Yes,47345
No,47346
Yes,47347
Yes,47348
No,47349
No,47350
No,47351
Yes,47352
No,47353
No,47354
No,47355
No,47356
No,47357
Yes,47358
No,47359
No,47360
No,47361
Yes,47362
No,47363
No,47364
Yes,47365
No,47366
No,47367
No,47368
No,47369
No,47370
Yes,47371
No,47372
No,47373
No,47374
No,47375
Yes,47376
No,47377
No,47378
No,47379
Yes,47380
No,47381
No,47382
Yes,47383
No,47384
No,47385
No,47386
No,47387
No,47388
Yes,47389
No,47390
No,47391
Yes,47392
Yes,47393
No,47394
Yes,47395
No,47396
No,47397
No,47398
No,47399
No,47400
No,47401
No,47402
No,47403
Yes,47404
No,47405
Yes,47406
No,47407
No,47408
No,47409
No,47410
Yes,47411
Yes,47412
No,47413
No,47414
Yes,47415
Yes,47416
No,47417
Yes,47418
Yes,47419
No,47420
Yes,47421
No,47422
No,47423
No,47424
No,47425
No,47426
No,47427
No,47428
Yes,47429
No,47430
No,47431
Yes,47432
No,47433
No,47434
No,47435
No,47436
Yes,47437
No,47438
No,47439
No,47440
Yes,47441
Yes,47442
Yes,47443
No,47444
No,47445
No,47446
No,47447
No,47448
No,47449
Yes,47450
No,47451
No,47452
No,47453
No,47454
No,47455
Yes,47456
Yes,47457
No,47458
No,47459
No,47460
No,47461
No,47462
No,47463
Yes,47464
No,47465
No,47466
Yes,47467
No,47468
Yes,47469
Yes,47470
No,47471
No,47472
No,47473
Yes,47474
No,47475
Yes,47476
Yes,47477
No,47478
No,47479
No,47480
Yes,47481
No,47482
No,47483
Yes,47484
Yes,47485
Yes,47486
No,47487
No,47488
No,47489
No,47490
No,47491
No,47492
Yes,47493
No,47494
Yes,47495
No,47496
Yes,47497
No,47498
No,47499
No,47500
No,47501
No,47502
No,47503
No,47504
No,47505
No,47506
Yes,47507
No,47508
No,47509
No,47510
Yes,47511
Yes,47512
No,47513
Yes,47514
Yes,47515
No,47516
No,47517
No,47518
No,47519
No,47520
Yes,47521
Yes,47522
No,47523
No,47524
No,47525
Yes,47526
No,47527
No,47528
Yes,47529
No,47530
No,47531
No,47532
No,47533
No,47534
No,47535
No,47536
No,47537
No,47538
No,47539
No,47540
No,47541
Yes,47542
No,47543
Yes,47544
No,47545
No,47546
Yes,47547
No,47548
No,47549
No,47550
Yes,47551
No,47552
Yes,47553
No,47554
Yes,47555
Yes,47556
No,47557
Yes,47558
No,47559
Yes,47560
No,47561
No,47562
Yes,47563
No,47564
Yes,47565
No,47566
Yes,47567
No,47568
Yes,47569
No,47570
No,47571
Yes,47572
No,47573
No,47574
No,47575
Yes,47576
No,47577
No,47578
No,47579
Yes,47580
No,47581
No,47582
No,47583
Yes,47584
Yes,47585
No,47586
No,47587
No,47588
No,47589
No,47590
No,47591
Yes,47592
No,47593
No,47594
Yes,47595
Yes,47596
Yes,47597
No,47598
Yes,47599
No,47600
No,47601
Yes,47602
No,47603
Yes,47604
Yes,47605
No,47606
No,47607
No,47608
No,47609
Yes,47610
Yes,47611
No,47612
Yes,47613
Yes,47614
Yes,47615
No,47616
Yes,47617
No,47618
No,47619
No,47620
No,47621
Yes,47622
No,47623
No,47624
No,47625
No,47626
No,47627
No,47628
No,47629
No,47630
No,47631
No,47632
Yes,47633
No,47634
Yes,47635
No,47636
Yes,47637
No,47638
Yes,47639
No,47640
No,47641
Yes,47642
No,47643
Yes,47644
Yes,47645
No,47646
No,47647
Yes,47648
No,47649
Yes,47650
No,47651
No,47652
No,47653
No,47654
No,47655
Yes,47656
Yes,47657
No,47658
Yes,47659
No,47660
Yes,47661
No,47662
No,47663
No,47664
No,47665
No,47666
Yes,47667
No,47668
No,47669
No,47670
No,47671
Yes,47672
No,47673
No,47674
No,47675
No,47676
Yes,47677
No,47678
Yes,47679
Yes,47680
No,47681
Yes,47682
No,47683
No,47684
No,47685
No,47686
No,47687
Yes,47688
No,47689
No,47690
Yes,47691
No,47692
No,47693
Yes,47694
Yes,47695
No,47696
No,47697
No,47698
Yes,47699
No,47700
No,47701
No,47702
No,47703
No,47704
Yes,47705
No,47706
Yes,47707
No,47708
No,47709
Yes,47710
Yes,47711
Yes,47712
Yes,47713
No,47714
Yes,47715
Yes,47716
No,47717
No,47718
No,47719
No,47720
Yes,47721
No,47722
No,47723
No,47724
No,47725
No,47726
Yes,47727
No,47728
No,47729
Yes,47730
No,47731
Yes,47732
Yes,47733
No,47734
No,47735
No,47736
No,47737
Yes,47738
No,47739
No,47740
No,47741
No,47742
No,47743
No,47744
No,47745
Yes,47746
No,47747
No,47748
No,47749
No,47750
Yes,47751
No,47752
Yes,47753
No,47754
No,47755
Yes,47756
Yes,47757
No,47758
No,47759
No,47760
No,47761
Yes,47762
No,47763
No,47764
No,47765
Yes,47766
No,47767
Yes,47768
Yes,47769
No,47770
No,47771
No,47772
Yes,47773
No,47774
Yes,47775
Yes,47776
No,47777
No,47778
No,47779
Yes,47780
Yes,47781
Yes,47782
No,47783
No,47784
No,47785
Yes,47786
Yes,47787
Yes,47788
No,47789
No,47790
Yes,47791
Yes,47792
No,47793
Yes,47794
No,47795
No,47796
Yes,47797
No,47798
No,47799
No,47800
No,47801
No,47802
No,47803
No,47804
No,47805
Yes,47806
No,47807
No,47808
No,47809
No,47810
No,47811
No,47812
Yes,47813
No,47814
No,47815
Yes,47816
No,47817
No,47818
No,47819
No,47820
No,47821
No,47822
No,47823
No,47824
Yes,47825
Yes,47826
No,47827
No,47828
No,47829
No,47830
Yes,47831
No,47832
No,47833
No,47834
No,47835
No,47836
No,47837
Yes,47838
No,47839
No,47840
No,47841
No,47842
No,47843
Yes,47844
No,47845
No,47846
No,47847
Yes,47848
Yes,47849
No,47850
Yes,47851
No,47852
No,47853
No,47854
No,47855
No,47856
Yes,47857
No,47858
Yes,47859
Yes,47860
No,47861
Yes,47862
Yes,47863
No,47864
No,47865
No,47866
No,47867
No,47868
No,47869
No,47870
Yes,47871
No,47872
No,47873
No,47874
No,47875
No,47876
No,47877
No,47878
No,47879
No,47880
No,47881
Yes,47882
No,47883
No,47884
No,47885
Yes,47886
No,47887
No,47888
Yes,47889
Yes,47890
No,47891
Yes,47892
Yes,47893
Yes,47894
No,47895
No,47896
No,47897
No,47898
Yes,47899
Yes,47900
Yes,47901
No,47902
No,47903
Yes,47904
No,47905
No,47906
Yes,47907
No,47908
No,47909
No,47910
Yes,47911
No,47912
Yes,47913
No,47914
Yes,47915
Yes,47916
No,47917
No,47918
Yes,47919
Yes,47920
Yes,47921
No,47922
No,47923
Yes,47924
No,47925
Yes,47926
Yes,47927
No,47928
No,47929
No,47930
No,47931
Yes,47932
No,47933
Yes,47934
No,47935
No,47936
No,47937
Yes,47938
No,47939
No,47940
Yes,47941
Yes,47942
Yes,47943
No,47944
No,47945
No,47946
No,47947
Yes,47948
No,47949
No,47950
No,47951
Yes,47952
No,47953
No,47954
No,47955
No,47956
Yes,47957
No,47958
No,47959
No,47960
No,47961
No,47962
Yes,47963
No,47964
No,47965
Yes,47966
No,47967
No,47968
Yes,47969
No,47970
No,47971
Yes,47972
Yes,47973
No,47974
Yes,47975
Yes,47976
Yes,47977
No,47978
No,47979
No,47980
No,47981
No,47982
No,47983
No,47984
Yes,47985
No,47986
No,47987
Yes,47988
Yes,47989
No,47990
Yes,47991
Yes,47992
No,47993
Yes,47994
Yes,47995
No,47996
No,47997
No,47998
Yes,47999
No,48000
Yes,48001
Yes,48002
No,48003
No,48004
No,48005
No,48006
Yes,48007
No,48008
No,48009
No,48010
Yes,48011
No,48012
No,48013
Yes,48014
No,48015
No,48016
Yes,48017
No,48018
No,48019
No,48020
No,48021
No,48022
Yes,48023
No,48024
No,48025
No,48026
No,48027
No,48028
No,48029
No,48030
No,48031
Yes,48032
No,48033
Yes,48034
Yes,48035
Yes,48036
Yes,48037
No,48038
No,48039
No,48040
No,48041
Yes,48042
No,48043
Yes,48044
No,48045
No,48046
No,48047
No,48048
Yes,48049
No,48050
No,48051
No,48052
No,48053
No,48054
No,48055
Yes,48056
No,48057
No,48058
Yes,48059
No,48060
Yes,48061
No,48062
Yes,48063
No,48064
No,48065
Yes,48066
Yes,48067
No,48068
No,48069
No,48070
No,48071
No,48072
No,48073
No,48074
No,48075
Yes,48076
No,48077
No,48078
No,48079
Yes,48080
Yes,48081
No,48082
No,48083
Yes,48084
No,48085
No,48086
Yes,48087
No,48088
No,48089
No,48090
No,48091
No,48092
No,48093
Yes,48094
No,48095
Yes,48096
No,48097
No,48098
Yes,48099
Yes,48100
No,48101
No,48102
No,48103
No,48104
No,48105
No,48106
No,48107
Yes,48108
No,48109
No,48110
Yes,48111
Yes,48112
No,48113
Yes,48114
No,48115
No,48116
No,48117
No,48118
No,48119
No,48120
Yes,48121
No,48122
No,48123
No,48124
No,48125
Yes,48126
No,48127
No,48128
No,48129
No,48130
No,48131
No,48132
No,48133
No,48134
No,48135
Yes,48136
No,48137
No,48138
No,48139
No,48140
No,48141
No,48142
No,48143
No,48144
No,48145
No,48146
No,48147
No,48148
No,48149
Yes,48150
Yes,48151
Yes,48152
No,48153
No,48154
Yes,48155
No,48156
No,48157
No,48158
No,48159
No,48160
No,48161
Yes,48162
Yes,48163
No,48164
No,48165
Yes,48166
No,48167
Yes,48168
Yes,48169
Yes,48170
No,48171
Yes,48172
No,48173
Yes,48174
Yes,48175
Yes,48176
No,48177
No,48178
No,48179
Yes,48180
No,48181
Yes,48182
Yes,48183
No,48184
No,48185
No,48186
No,48187
Yes,48188
No,48189
No,48190
Yes,48191
No,48192
No,48193
No,48194
No,48195
No,48196
No,48197
No,48198
No,48199
Yes,48200
No,48201
Yes,48202
No,48203
No,48204
No,48205
No,48206
No,48207
No,48208
Yes,48209
Yes,48210
No,48211
No,48212
No,48213
Yes,48214
No,48215
No,48216
No,48217
No,48218
No,48219
No,48220
Yes,48221
Yes,48222
No,48223
No,48224
No,48225
No,48226
Yes,48227
No,48228
Yes,48229
No,48230
Yes,48231
Yes,48232
No,48233
No,48234
No,48235
Yes,48236
No,48237
Yes,48238
Yes,48239
Yes,48240
No,48241
No,48242
No,48243
No,48244
No,48245
No,48246
No,48247
No,48248
Yes,48249
No,48250
Yes,48251
Yes,48252
No,48253
Yes,48254
No,48255
No,48256
Yes,48257
Yes,48258
No,48259
No,48260
No,48261
Yes,48262
Yes,48263
No,48264
No,48265
No,48266
No,48267
No,48268
Yes,48269
Yes,48270
Yes,48271
No,48272
No,48273
No,48274
Yes,48275
No,48276
Yes,48277
Yes,48278
No,48279
No,48280
No,48281
No,48282
No,48283
No,48284
No,48285
No,48286
Yes,48287
No,48288
No,48289
No,48290
Yes,48291
No,48292
No,48293
No,48294
No,48295
No,48296
No,48297
No,48298
No,48299
No,48300
Yes,48301
No,48302
No,48303
Yes,48304
Yes,48305
No,48306
Yes,48307
No,48308
Yes,48309
No,48310
No,48311
No,48312
No,48313
Yes,48314
No,48315
Yes,48316
No,48317
No,48318
No,48319
No,48320
No,48321
No,48322
No,48323
No,48324
Yes,48325
No,48326
No,48327
Yes,48328
Yes,48329
No,48330
Yes,48331
No,48332
No,48333
No,48334
No,48335
No,48336
No,48337
No,48338
No,48339
No,48340
No,48341
No,48342
No,48343
No,48344
Yes,48345
No,48346
No,48347
Yes,48348
Yes,48349
Yes,48350
No,48351
Yes,48352
Yes,48353
Yes,48354
Yes,48355
No,48356
No,48357
No,48358
Yes,48359
Yes,48360
No,48361
Yes,48362
No,48363
Yes,48364
Yes,48365
No,48366
No,48367
No,48368
Yes,48369
No,48370
No,48371
Yes,48372
Yes,48373
No,48374
Yes,48375
No,48376
Yes,48377
Yes,48378
No,48379
Yes,48380
Yes,48381
No,48382
No,48383
Yes,48384
Yes,48385
No,48386
No,48387
Yes,48388
Yes,48389
No,48390
Yes,48391
Yes,48392
No,48393
No,48394
No,48395
Yes,48396
No,48397
No,48398
No,48399
No,48400
No,48401
Yes,48402
Yes,48403
No,48404
No,48405
No,48406
No,48407
Yes,48408
Yes,48409
Yes,48410
Yes,48411
Yes,48412
Yes,48413
No,48414
No,48415
No,48416
Yes,48417
No,48418
No,48419
No,48420
No,48421
No,48422
No,48423
Yes,48424
Yes,48425
No,48426
Yes,48427
No,48428
No,48429
Yes,48430
No,48431
Yes,48432
Yes,48433
No,48434
No,48435
No,48436
Yes,48437
Yes,48438
Yes,48439
No,48440
Yes,48441
No,48442
Yes,48443
No,48444
No,48445
Yes,48446
No,48447
No,48448
No,48449
Yes,48450
No,48451
No,48452
No,48453
No,48454
Yes,48455
Yes,48456
Yes,48457
Yes,48458
Yes,48459
Yes,48460
No,48461
No,48462
Yes,48463
No,48464
No,48465
Yes,48466
No,48467
No,48468
No,48469
Yes,48470
No,48471
No,48472
No,48473
No,48474
Yes,48475
No,48476
Yes,48477
No,48478
No,48479
No,48480
No,48481
No,48482
Yes,48483
Yes,48484
No,48485
No,48486
No,48487
Yes,48488
No,48489
No,48490
Yes,48491
Yes,48492
No,48493
No,48494
No,48495
Yes,48496
No,48497
No,48498
No,48499
No,48500
Yes,48501
No,48502
Yes,48503
Yes,48504
No,48505
No,48506
No,48507
Yes,48508
No,48509
No,48510
No,48511
No,48512
No,48513
No,48514
No,48515
No,48516
No,48517
No,48518
Yes,48519
Yes,48520
No,48521
No,48522
Yes,48523
Yes,48524
Yes,48525
Yes,48526
Yes,48527
Yes,48528
Yes,48529
Yes,48530
No,48531
No,48532
No,48533
No,48534
No,48535
No,48536
No,48537
Yes,48538
Yes,48539
No,48540
No,48541
Yes,48542
Yes,48543
Yes,48544
Yes,48545
No,48546
No,48547
No,48548
No,48549
Yes,48550
No,48551
No,48552
No,48553
No,48554
No,48555
No,48556
No,48557
No,48558
No,48559
No,48560
Yes,48561
No,48562
Yes,48563
Yes,48564
No,48565
No,48566
No,48567
No,48568
No,48569
No,48570
Yes,48571
No,48572
No,48573
No,48574
No,48575
No,48576
No,48577
No,48578
No,48579
No,48580
Yes,48581
Yes,48582
Yes,48583
No,48584
No,48585
Yes,48586
No,48587
No,48588
No,48589
No,48590
No,48591
Yes,48592
Yes,48593
No,48594
No,48595
No,48596
No,48597
No,48598
No,48599
No,48600
No,48601
No,48602
No,48603
Yes,48604
No,48605
No,48606
Yes,48607
Yes,48608
Yes,48609
No,48610
No,48611
No,48612
No,48613
No,48614
No,48615
No,48616
Yes,48617
No,48618
Yes,48619
Yes,48620
No,48621
No,48622
No,48623
Yes,48624
No,48625
No,48626
Yes,48627
No,48628
No,48629
No,48630
No,48631
No,48632
No,48633
No,48634
No,48635
Yes,48636
Yes,48637
No,48638
Yes,48639
No,48640
No,48641
Yes,48642
Yes,48643
Yes,48644
Yes,48645
Yes,48646
No,48647
No,48648
Yes,48649
No,48650
Yes,48651
No,48652
No,48653
No,48654
No,48655
No,48656
No,48657
Yes,48658
Yes,48659
No,48660
Yes,48661
No,48662
No,48663
Yes,48664
No,48665
No,48666
No,48667
No,48668
Yes,48669
No,48670
No,48671
No,48672
No,48673
No,48674
No,48675
Yes,48676
No,48677
Yes,48678
No,48679
No,48680
No,48681
No,48682
No,48683
No,48684
Yes,48685
No,48686
Yes,48687
Yes,48688
Yes,48689
Yes,48690
Yes,48691
No,48692
Yes,48693
No,48694
Yes,48695
No,48696
Yes,48697
Yes,48698
Yes,48699
No,48700
No,48701
No,48702
No,48703
No,48704
Yes,48705
No,48706
No,48707
No,48708
Yes,48709
No,48710
Yes,48711
No,48712
No,48713
No,48714
No,48715
No,48716
No,48717
No,48718
Yes,48719
No,48720
Yes,48721
No,48722
No,48723
No,48724
Yes,48725
Yes,48726
No,48727
Yes,48728
No,48729
No,48730
Yes,48731
Yes,48732
No,48733
Yes,48734
Yes,48735
No,48736
Yes,48737
No,48738
No,48739
No,48740
No,48741
No,48742
Yes,48743
No,48744
Yes,48745
No,48746
Yes,48747
Yes,48748
No,48749
Yes,48750
No,48751
No,48752
No,48753
No,48754
Yes,48755
No,48756
Yes,48757
No,48758
Yes,48759
Yes,48760
Yes,48761
No,48762
No,48763
Yes,48764
Yes,48765
No,48766
Yes,48767
No,48768
Yes,48769
No,48770
Yes,48771
Yes,48772
No,48773
No,48774
No,48775
No,48776
No,48777
No,48778
No,48779
No,48780
Yes,48781
No,48782
No,48783
No,48784
No,48785
No,48786
No,48787
Yes,48788
Yes,48789
No,48790
No,48791
No,48792
No,48793
No,48794
No,48795
Yes,48796
Yes,48797
Yes,48798
No,48799
Yes,48800
Yes,48801
Yes,48802
No,48803
Yes,48804
No,48805
No,48806
No,48807
Yes,48808
No,48809
No,48810
No,48811
No,48812
Yes,48813
Yes,48814
Yes,48815
Yes,48816
No,48817
No,48818
No,48819
Yes,48820
No,48821
No,48822
No,48823
No,48824
Yes,48825
No,48826
No,48827
No,48828
Yes,48829
No,48830
No,48831
Yes,48832
No,48833
No,48834
Yes,48835
Yes,48836
Yes,48837
No,48838
No,48839
No,48840
Yes,48841
No,48842
No,48843
No,48844
Yes,48845
No,48846
No,48847
No,48848
Yes,48849
Yes,48850
Yes,48851
Yes,48852
Yes,48853
Yes,48854
Yes,48855
Yes,48856
No,48857
No,48858
Yes,48859
No,48860
Yes,48861
No,48862
No,48863
No,48864
No,48865
No,48866
No,48867
No,48868
Yes,48869
No,48870
Yes,48871
Yes,48872
Yes,48873
No,48874
No,48875
Yes,48876
No,48877
No,48878
Yes,48879
No,48880
No,48881
No,48882
No,48883
Yes,48884
No,48885
No,48886
No,48887
Yes,48888
Yes,48889
No,48890
No,48891
No,48892
No,48893
No,48894
Yes,48895
Yes,48896
No,48897
No,48898
No,48899
Yes,48900
Yes,48901
No,48902
No,48903
No,48904
No,48905
No,48906
Yes,48907
No,48908
Yes,48909
No,48910
Yes,48911
No,48912
No,48913
No,48914
Yes,48915
Yes,48916
No,48917
No,48918
Yes,48919
No,48920
No,48921
No,48922
No,48923
Yes,48924
No,48925
No,48926
No,48927
Yes,48928
No,48929
Yes,48930
Yes,48931
No,48932
No,48933
No,48934
Yes,48935
Yes,48936
Yes,48937
Yes,48938
No,48939
Yes,48940
Yes,48941
No,48942
No,48943
No,48944
No,48945
No,48946
No,48947
Yes,48948
No,48949
Yes,48950
Yes,48951
Yes,48952
No,48953
No,48954
No,48955
No,48956
No,48957
No,48958
Yes,48959
No,48960
No,48961
No,48962
No,48963
No,48964
No,48965
No,48966
Yes,48967
No,48968
Yes,48969
No,48970
No,48971
No,48972
No,48973
No,48974
No,48975
No,48976
No,48977
No,48978
No,48979
Yes,48980
No,48981
No,48982
No,48983
No,48984
Yes,48985
Yes,48986
Yes,48987
No,48988
No,48989
No,48990
No,48991
No,48992
No,48993
No,48994
No,48995
No,48996
No,48997
No,48998
Yes,48999
No,49000
Yes,49001
Yes,49002
Yes,49003
No,49004
No,49005
No,49006
Yes,49007
Yes,49008
No,49009
No,49010
No,49011
No,49012
Yes,49013
No,49014
No,49015
No,49016
No,49017
No,49018
No,49019
No,49020
Yes,49021
No,49022
Yes,49023
No,49024
Yes,49025
No,49026
No,49027
Yes,49028
No,49029
Yes,49030
Yes,49031
No,49032
No,49033
No,49034
No,49035
Yes,49036
No,49037
No,49038
Yes,49039
No,49040
No,49041
No,49042
No,49043
No,49044
No,49045
No,49046
No,49047
Yes,49048
No,49049
Yes,49050
No,49051
No,49052
Yes,49053
Yes,49054
No,49055
No,49056
No,49057
Yes,49058
No,49059
No,49060
Yes,49061
Yes,49062
No,49063
Yes,49064
No,49065
No,49066
Yes,49067
No,49068
Yes,49069
Yes,49070
Yes,49071
No,49072
Yes,49073
Yes,49074
No,49075
No,49076
No,49077
No,49078
No,49079
No,49080
No,49081
Yes,49082
No,49083
No,49084
No,49085
Yes,49086
No,49087
Yes,49088
Yes,49089
No,49090
Yes,49091
Yes,49092
No,49093
No,49094
No,49095
No,49096
No,49097
No,49098
Yes,49099
No,49100
Yes,49101
Yes,49102
No,49103
Yes,49104
Yes,49105
No,49106
No,49107
No,49108
No,49109
No,49110
No,49111
No,49112
No,49113
No,49114
No,49115
No,49116
No,49117
Yes,49118
No,49119
Yes,49120
No,49121
Yes,49122
No,49123
No,49124
Yes,49125
Yes,49126
No,49127
Yes,49128
No,49129
No,49130
No,49131
No,49132
No,49133
Yes,49134
Yes,49135
No,49136
Yes,49137
No,49138
Yes,49139
No,49140
Yes,49141
No,49142
No,49143
Yes,49144
No,49145
No,49146
No,49147
No,49148
No,49149
No,49150
No,49151
No,49152
No,49153
No,49154
Yes,49155
Yes,49156
No,49157
No,49158
No,49159
Yes,49160
No,49161
No,49162
No,49163
No,49164
No,49165
Yes,49166
No,49167
No,49168
Yes,49169
No,49170
No,49171
No,49172
No,49173
No,49174
No,49175
No,49176
No,49177
No,49178
No,49179
No,49180
No,49181
Yes,49182
Yes,49183
Yes,49184
Yes,49185
No,49186
Yes,49187
No,49188
No,49189
No,49190
No,49191
No,49192
No,49193
No,49194
No,49195
No,49196
No,49197
No,49198
No,49199
No,49200
No,49201
No,49202
No,49203
No,49204
Yes,49205
No,49206
No,49207
No,49208
No,49209
Yes,49210
Yes,49211
No,49212
No,49213
No,49214
No,49215
No,49216
No,49217
No,49218
No,49219
No,49220
No,49221
No,49222
Yes,49223
No,49224
Yes,49225
No,49226
No,49227
No,49228
No,49229
No,49230
No,49231
No,49232
Yes,49233
Yes,49234
No,49235
No,49236
Yes,49237
Yes,49238
Yes,49239
Yes,49240
No,49241
Yes,49242
No,49243
No,49244
No,49245
No,49246
Yes,49247
No,49248
Yes,49249
No,49250
Yes,49251
No,49252
No,49253
No,49254
No,49255
No,49256
No,49257
No,49258
Yes,49259
Yes,49260
Yes,49261
No,49262
Yes,49263
No,49264
Yes,49265
No,49266
No,49267
Yes,49268
Yes,49269
No,49270
No,49271
Yes,49272
Yes,49273
No,49274
No,49275
No,49276
No,49277
Yes,49278
No,49279
No,49280
No,49281
No,49282
No,49283
No,49284
No,49285
No,49286
No,49287
No,49288
Yes,49289
No,49290
No,49291
No,49292
Yes,49293
No,49294
Yes,49295
No,49296
No,49297
No,49298
No,49299
No,49300
No,49301
No,49302
Yes,49303
No,49304
Yes,49305
Yes,49306
No,49307
No,49308
No,49309
Yes,49310
No,49311
No,49312
No,49313
No,49314
No,49315
No,49316
Yes,49317
No,49318
Yes,49319
Yes,49320
Yes,49321
No,49322
No,49323
Yes,49324
No,49325
No,49326
No,49327
No,49328
No,49329
Yes,49330
No,49331
No,49332
No,49333
Yes,49334
No,49335
No,49336
No,49337
Yes,49338
Yes,49339
No,49340
No,49341
No,49342
No,49343
No,49344
Yes,49345
No,49346
No,49347
Yes,49348
No,49349
No,49350
No,49351
No,49352
No,49353
No,49354
No,49355
No,49356
Yes,49357
No,49358
No,49359
Yes,49360
No,49361
Yes,49362
No,49363
No,49364
Yes,49365
No,49366
No,49367
No,49368
Yes,49369
Yes,49370
No,49371
No,49372
Yes,49373
No,49374
No,49375
No,49376
No,49377
No,49378
Yes,49379
No,49380
Yes,49381
No,49382
Yes,49383
No,49384
No,49385
Yes,49386
No,49387
Yes,49388
No,49389
No,49390
Yes,49391
No,49392
No,49393
No,49394
No,49395
No,49396
Yes,49397
Yes,49398
Yes,49399
No,49400
Yes,49401
No,49402
No,49403
Yes,49404
No,49405
Yes,49406
No,49407
Yes,49408
Yes,49409
No,49410
Yes,49411
No,49412
No,49413
Yes,49414
Yes,49415
No,49416
No,49417
Yes,49418
Yes,49419
No,49420
No,49421
No,49422
Yes,49423
No,49424
Yes,49425
No,49426
No,49427
No,49428
No,49429
Yes,49430
No,49431
Yes,49432
No,49433
No,49434
Yes,49435
No,49436
Yes,49437
Yes,49438
No,49439
No,49440
No,49441
No,49442
No,49443
Yes,49444
Yes,49445
No,49446
No,49447
No,49448
Yes,49449
Yes,49450
No,49451
No,49452
No,49453
No,49454
No,49455
No,49456
Yes,49457
No,49458
No,49459
No,49460
No,49461
No,49462
No,49463
No,49464
Yes,49465
No,49466
No,49467
Yes,49468
No,49469
No,49470
No,49471
No,49472
Yes,49473
No,49474
No,49475
No,49476
No,49477
No,49478
Yes,49479
No,49480
No,49481
No,49482
No,49483
No,49484
No,49485
Yes,49486
No,49487
Yes,49488
No,49489
Yes,49490
No,49491
No,49492
Yes,49493
Yes,49494
No,49495
Yes,49496
Yes,49497
No,49498
No,49499
No,49500
No,49501
Yes,49502
No,49503
No,49504
No,49505
No,49506
No,49507
No,49508
No,49509
Yes,49510
No,49511
No,49512
No,49513
No,49514
No,49515
No,49516
No,49517
No,49518
No,49519
No,49520
Yes,49521
Yes,49522
Yes,49523
Yes,49524
No,49525
No,49526
Yes,49527
No,49528
Yes,49529
Yes,49530
Yes,49531
No,49532
Yes,49533
No,49534
No,49535
No,49536
Yes,49537
Yes,49538
No,49539
No,49540
Yes,49541
No,49542
No,49543
No,49544
No,49545
No,49546
No,49547
No,49548
Yes,49549
No,49550
Yes,49551
Yes,49552
No,49553
No,49554
No,49555
No,49556
No,49557
No,49558
No,49559
Yes,49560
No,49561
No,49562
No,49563
No,49564
No,49565
No,49566
Yes,49567
Yes,49568
No,49569
No,49570
Yes,49571
No,49572
No,49573
No,49574
Yes,49575
Yes,49576
No,49577
Yes,49578
Yes,49579
Yes,49580
No,49581
No,49582
Yes,49583
No,49584
No,49585
No,49586
No,49587
Yes,49588
No,49589
No,49590
No,49591
Yes,49592
No,49593
No,49594
No,49595
Yes,49596
No,49597
Yes,49598
Yes,49599
No,49600
No,49601
No,49602
Yes,49603
Yes,49604
No,49605
No,49606
No,49607
Yes,49608
No,49609
No,49610
No,49611
No,49612
Yes,49613
No,49614
No,49615
Yes,49616
No,49617
No,49618
Yes,49619
No,49620
No,49621
No,49622
No,49623
No,49624
Yes,49625
Yes,49626
Yes,49627
Yes,49628
No,49629
No,49630
Yes,49631
Yes,49632
No,49633
No,49634
No,49635
No,49636
Yes,49637
Yes,49638
No,49639
No,49640
No,49641
No,49642
No,49643
Yes,49644
No,49645
Yes,49646
No,49647
No,49648
No,49649
No,49650
No,49651
Yes,49652
Yes,49653
No,49654
No,49655
No,49656
Yes,49657
No,49658
No,49659
Yes,49660
No,49661
No,49662
Yes,49663
Yes,49664
No,49665
No,49666
No,49667
No,49668
No,49669
No,49670
No,49671
No,49672
Yes,49673
No,49674
No,49675
No,49676
Yes,49677
Yes,49678
No,49679
Yes,49680
Yes,49681
No,49682
No,49683
Yes,49684
No,49685
No,49686
No,49687
No,49688
Yes,49689
Yes,49690
No,49691
Yes,49692
No,49693
No,49694
Yes,49695
No,49696
No,49697
No,49698
No,49699
No,49700
No,49701
No,49702
No,49703
Yes,49704
No,49705
Yes,49706
No,49707
No,49708
Yes,49709
No,49710
Yes,49711
No,49712
No,49713
No,49714
Yes,49715
Yes,49716
Yes,49717
No,49718
No,49719
No,49720
Yes,49721
No,49722
Yes,49723
No,49724
No,49725
Yes,49726
Yes,49727
No,49728
No,49729
No,49730
No,49731
No,49732
No,49733
Yes,49734
No,49735
Yes,49736
No,49737
No,49738
Yes,49739
Yes,49740
Yes,49741
No,49742
No,49743
Yes,49744
No,49745
No,49746
No,49747
No,49748
No,49749
Yes,49750
Yes,49751
Yes,49752
No,49753
No,49754
No,49755
Yes,49756
No,49757
No,49758
Yes,49759
No,49760
No,49761
No,49762
No,49763
No,49764
No,49765
No,49766
No,49767
No,49768
Yes,49769
No,49770
Yes,49771
No,49772
No,49773
Yes,49774
Yes,49775
No,49776
No,49777
Yes,49778
No,49779
No,49780
No,49781
No,49782
Yes,49783
Yes,49784
No,49785
Yes,49786
Yes,49787
No,49788
Yes,49789
No,49790
No,49791
Yes,49792
Yes,49793
No,49794
No,49795
Yes,49796
Yes,49797
No,49798
No,49799
No,49800
Yes,49801
Yes,49802
Yes,49803
No,49804
No,49805
No,49806
No,49807
Yes,49808
Yes,49809
No,49810
No,49811
No,49812
No,49813
No,49814
Yes,49815
Yes,49816
No,49817
Yes,49818
No,49819
No,49820
No,49821
No,49822
No,49823
Yes,49824
Yes,49825
Yes,49826
No,49827
No,49828
No,49829
No,49830
Yes,49831
No,49832
Yes,49833
No,49834
No,49835
No,49836
No,49837
Yes,49838
No,49839
Yes,49840
Yes,49841
Yes,49842
No,49843
No,49844
Yes,49845
Yes,49846
No,49847
No,49848
Yes,49849
Yes,49850
No,49851
No,49852
No,49853
No,49854
No,49855
Yes,49856
Yes,49857
No,49858
No,49859
No,49860
Yes,49861
No,49862
No,49863
No,49864
Yes,49865
Yes,49866
Yes,49867
No,49868
Yes,49869
No,49870
Yes,49871
No,49872
No,49873
No,49874
No,49875
No,49876
No,49877
No,49878
Yes,49879
No,49880
Yes,49881
No,49882
Yes,49883
No,49884
Yes,49885
Yes,49886
No,49887
No,49888
Yes,49889
No,49890
No,49891
Yes,49892
No,49893
Yes,49894
No,49895
Yes,49896
No,49897
Yes,49898
No,49899
No,49900
Yes,49901
Yes,49902
No,49903
No,49904
No,49905
No,49906
Yes,49907
Yes,49908
No,49909
No,49910
No,49911
No,49912
No,49913
No,49914
No,49915
No,49916
Yes,49917
No,49918
No,49919
Yes,49920
Yes,49921
No,49922
No,49923
Yes,49924
No,49925
Yes,49926
No,49927
No,49928
Yes,49929
No,49930
No,49931
No,49932
No,49933
No,49934
No,49935
No,49936
No,49937
No,49938
Yes,49939
No,49940
No,49941
Yes,49942
No,49943
No,49944
No,49945
Yes,49946
Yes,49947
Yes,49948
Yes,49949
No,49950
Yes,49951
No,49952
No,49953
No,49954
Yes,49955
No,49956
No,49957
Yes,49958
No,49959
No,49960
No,49961
No,49962
No,49963
No,49964
No,49965
Yes,49966
No,49967
No,49968
Yes,49969
Yes,49970
Yes,49971
No,49972
Yes,49973
Yes,49974
No,49975
No,49976
No,49977
No,49978
No,49979
No,49980
No,49981
No,49982
Yes,49983
No,49984
No,49985
No,49986
No,49987
No,49988
No,49989
No,49990
Yes,49991
No,49992
No,49993
Yes,49994
No,49995
Yes,49996
Yes,49997
Yes,49998
No,49999
Yes,50000
No,50001
No,50002
No,50003
No,50004
No,50005
No,50006
Yes,50007
Yes,50008
Yes,50009
No,50010
No,50011
No,50012
No,50013
Yes,50014
Yes,50015
No,50016
Yes,50017
No,50018
No,50019
No,50020
Yes,50021
No,50022
No,50023
No,50024
No,50025
No,50026
Yes,50027
Yes,50028
No,50029
No,50030
No,50031
Yes,50032
No,50033
Yes,50034
No,50035
Yes,50036
No,50037
No,50038
Yes,50039
No,50040
No,50041
Yes,50042
No,50043
No,50044
No,50045
No,50046
No,50047
No,50048
No,50049
No,50050
Yes,50051
Yes,50052
No,50053
No,50054
Yes,50055
Yes,50056
No,50057
No,50058
No,50059
No,50060
Yes,50061
Yes,50062
No,50063
No,50064
Yes,50065
No,50066
No,50067
No,50068
Yes,50069
No,50070
Yes,50071
No,50072
No,50073
Yes,50074
No,50075
Yes,50076
Yes,50077
No,50078
No,50079
No,50080
No,50081
No,50082
No,50083
Yes,50084
No,50085
No,50086
Yes,50087
Yes,50088
No,50089
No,50090
No,50091
No,50092
No,50093
Yes,50094
No,50095
No,50096
No,50097
No,50098
No,50099
Yes,50100
Yes,50101
No,50102
No,50103
No,50104
Yes,50105
No,50106
No,50107
No,50108
No,50109
No,50110
Yes,50111
No,50112
Yes,50113
Yes,50114
No,50115
No,50116
No,50117
No,50118
No,50119
Yes,50120
No,50121
Yes,50122
No,50123
Yes,50124
Yes,50125
No,50126
No,50127
No,50128
Yes,50129
No,50130
No,50131
No,50132
No,50133
Yes,50134
No,50135
Yes,50136
No,50137
No,50138
No,50139
No,50140
Yes,50141
No,50142
No,50143
No,50144
No,50145
Yes,50146
No,50147
No,50148
No,50149
Yes,50150
No,50151
No,50152
Yes,50153
Yes,50154
No,50155
No,50156
No,50157
No,50158
No,50159
No,50160
No,50161
No,50162
Yes,50163
No,50164
No,50165
No,50166
No,50167
No,50168
Yes,50169
No,50170
No,50171
No,50172
No,50173
No,50174
No,50175
No,50176
No,50177
No,50178
No,50179
No,50180
Yes,50181
No,50182
Yes,50183
No,50184
No,50185
No,50186
No,50187
No,50188
Yes,50189
No,50190
No,50191
Yes,50192
Yes,50193
No,50194
No,50195
Yes,50196
No,50197
No,50198
No,50199
No,50200
Yes,50201
Yes,50202
Yes,50203
No,50204
No,50205
No,50206
No,50207
No,50208
No,50209
No,50210
No,50211
No,50212
No,50213
Yes,50214
Yes,50215
Yes,50216
Yes,50217
No,50218
Yes,50219
Yes,50220
No,50221
Yes,50222
No,50223
No,50224
No,50225
No,50226
No,50227
No,50228
No,50229
No,50230
Yes,50231
No,50232
No,50233
No,50234
No,50235
No,50236
Yes,50237
No,50238
No,50239
Yes,50240
Yes,50241
Yes,50242
No,50243
Yes,50244
Yes,50245
No,50246
Yes,50247
No,50248
Yes,50249
No,50250
Yes,50251
Yes,50252
No,50253
No,50254
No,50255
No,50256
No,50257
Yes,50258
Yes,50259
No,50260
No,50261
No,50262
Yes,50263
Yes,50264
No,50265
No,50266
No,50267
No,50268
Yes,50269
Yes,50270
No,50271
Yes,50272
No,50273
No,50274
No,50275
No,50276
Yes,50277
Yes,50278
No,50279
Yes,50280
No,50281
No,50282
No,50283
No,50284
No,50285
No,50286
No,50287
Yes,50288
No,50289
No,50290
No,50291
No,50292
No,50293
No,50294
Yes,50295
No,50296
Yes,50297
Yes,50298
No,50299
Yes,50300
Yes,50301
Yes,50302
No,50303
Yes,50304
No,50305
Yes,50306
Yes,50307
No,50308
Yes,50309
No,50310
No,50311
No,50312
No,50313
Yes,50314
No,50315
No,50316
No,50317
No,50318
Yes,50319
No,50320
Yes,50321
No,50322
No,50323
No,50324
No,50325
Yes,50326
Yes,50327
Yes,50328
Yes,50329
No,50330
No,50331
Yes,50332
No,50333
No,50334
No,50335
No,50336
No,50337
Yes,50338
No,50339
No,50340
No,50341
